STATSB,OPHOLD,TID,INDHOLD
Albania,"Study etc., education",2025M08,1
United Kingdom,"Study etc., education",2025M08,81
United Kingdom,"Study etc., interns",2025M08,4
Turkey,"Study etc., education",2025M08,19
Turkey,"Study etc., interns",2025M08,3
Turkey,"Study etc., other reasons",2025M08,3
Algeria,"Study etc., education",2025M08,1
Angola,"Study etc., education",2025M08,1
Ethiopia,"Study etc., education",2025M08,1
Ethiopia,"Study etc., other reasons",2025M08,1
Ghana,"Study etc., education",2025M08,5
Ghana,"Study etc., interns",2025M08,1
Kenya,"Study etc., education",2025M08,4
Kenya,"Study etc., au pair",2025M08,1
Kenya,"Study etc., interns",2025M08,23
Kenya,"Study etc., other reasons",2025M08,1
Morocco,"Study etc., education",2025M08,5
Nigeria,"Study etc., education",2025M08,8
Nigeria,"Study etc., other reasons",2025M08,4
Namibia,"Study etc., interns",2025M08,1
Sierra Leone,"Study etc., education",2025M08,1
South Sudan,"Study etc., education",2025M08,1
South Africa,"Study etc., education",2025M08,11
South Africa,"Study etc., interns",2025M08,1
Tanzania,"Study etc., education",2025M08,1
Tanzania,"Study etc., interns",2025M08,12
Tunisia,"Study etc., education",2025M08,4
Uganda,"Study etc., interns",2025M08,66
Egypt,"Study etc., education",2025M08,3
Egypt,"Study etc., au pair",2025M08,1
Egypt,"Study etc., interns",2025M08,1
Egypt,"Study etc., other reasons",2025M08,2
Cameroon,"Study etc., education",2025M08,29
Cameroon,"Study etc., other reasons",2025M08,13
"Congo, Democratic Republic","Study etc., other reasons",2025M08,6
Ivory Coast,"Study etc., education",2025M08,1
Zimbabwe,"Study etc., education",2025M08,1
Zimbabwe,"Study etc., interns",2025M08,2
Zambia,"Study etc., education",2025M08,1
Argentina,"Study etc., education",2025M08,5
Bolivia,"Study etc., education",2025M08,1
Brazil,"Study etc., education",2025M08,33
Brazil,"Study etc., au pair",2025M08,1
Brazil,"Study etc., other reasons",2025M08,2
Guyana,"Study etc., education",2025M08,1
Canada,"Study etc., education",2025M08,80
Canada,"Study etc., interns",2025M08,4
Canada,"Study etc., other reasons",2025M08,6
Chile,"Study etc., education",2025M08,9
Chile,"Study etc., other reasons",2025M08,1
Colombia,"Study etc., education",2025M08,12
Costa Rica,"Study etc., education",2025M08,1
Ecuador,"Study etc., education",2025M08,3
Guatemala,"Study etc., education",2025M08,2
Honduras,"Study etc., education",2025M08,1
Mexico,"Study etc., education",2025M08,54
Mexico,"Study etc., interns",2025M08,5
Mexico,"Study etc., other reasons",2025M08,1
Panama,"Study etc., education",2025M08,1
Paraguay,"Study etc., education",2025M08,2
Peru,"Study etc., education",2025M08,5
El Salvador,"Study etc., education",2025M08,1
Uruguay,"Study etc., education",2025M08,1
USA,"Study etc., education",2025M08,292
USA,"Study etc., au pair",2025M08,1
USA,"Study etc., interns",2025M08,8
USA,"Study etc., other reasons",2025M08,16
Venezuela,"Study etc., education",2025M08,2
Afghanistan,"Study etc., education",2025M08,3
Afghanistan,"Study etc., other reasons",2025M08,30
Bangladesh,"Study etc., education",2025M08,310
Bangladesh,"Study etc., interns",2025M08,9
Bangladesh,"Study etc., other reasons",2025M08,232
Myanmar,"Study etc., education",2025M08,1
Myanmar,"Study etc., interns",2025M08,1
Cambodia,"Study etc., interns",2025M08,1
Sri Lanka,"Study etc., education",2025M08,9
Sri Lanka,"Study etc., interns",2025M08,2
Sri Lanka,"Study etc., other reasons",2025M08,97
India,"Study etc., education",2025M08,75
India,"Study etc., interns",2025M08,9
India,"Study etc., other reasons",2025M08,38
Indonesia,"Study etc., education",2025M08,10
Indonesia,"Study etc., interns",2025M08,1
Indonesia,"Study etc., other reasons",2025M08,5
Iraq,"Study etc., other reasons",2025M08,1
Iran,"Study etc., education",2025M08,33
Iran,"Study etc., other reasons",2025M08,123
Israel,"Study etc., education",2025M08,3
Israel,"Study etc., other reasons",2025M08,2
Japan,"Study etc., education",2025M08,85
Japan,"Study etc., other reasons",2025M08,16
China,"Study etc., education",2025M08,116
China,"Study etc., interns",2025M08,6
China,"Study etc., other reasons",2025M08,2
Lebanon,"Study etc., education",2025M08,2
Lebanon,"Study etc., other reasons",2025M08,1
Malaysia,"Study etc., education",2025M08,6
Nepal,"Study etc., education",2025M08,37
Nepal,"Study etc., au pair",2025M08,2
Nepal,"Study etc., interns",2025M08,6
Nepal,"Study etc., other reasons",2025M08,105
Vietnam,"Study etc., education",2025M08,6
Vietnam,"Study etc., interns",2025M08,52
Pakistan,"Study etc., education",2025M08,25
Pakistan,"Study etc., other reasons",2025M08,137
Philippines,"Study etc., education",2025M08,2
Philippines,"Study etc., au pair",2025M08,39
Philippines,"Study etc., interns",2025M08,9
Saudi Arabia,"Study etc., interns",2025M08,2
Singapore,"Study etc., education",2025M08,41
South Korea,"Study etc., education",2025M08,36
South Korea,"Study etc., interns",2025M08,1
South Korea,"Study etc., other reasons",2025M08,4
Syria,"Study etc., education",2025M08,1
Thailand,"Study etc., education",2025M08,10
Thailand,"Study etc., au pair",2025M08,3
Thailand,"Study etc., interns",2025M08,4
Thailand,"Study etc., other reasons",2025M08,4
Australia,"Study etc., education",2025M08,77
Australia,"Study etc., other reasons",2025M08,18
New Zealand,"Study etc., education",2025M08,10
Papua New Guinea,"Study etc., education",2025M08,1
Russia,"Study etc., education",2025M08,6
Russia,"Study etc., au pair",2025M08,1
Russia,"Study etc., interns",2025M08,1
Ukraine,"Study etc., education",2025M08,15
Ukraine,"Study etc., interns",2025M08,1
Ukraine,"Study etc., other reasons",2025M08,2
Azerbaijan,"Study etc., education",2025M08,2
Moldova,"Study etc., education",2025M08,1
Uzbekistan,"Study etc., education",2025M08,1
Uzbekistan,"Study etc., interns",2025M08,4
Kazakhstan,"Study etc., education",2025M08,3
Kyrgyzstan,"Study etc., interns",2025M08,2
Serbia,"Study etc., education",2025M08,4
Kosovo,"Study etc., education",2025M08,1
Not stated,"Study etc., education",2025M08,1
Not stated,"Study etc., interns",2025M08,1
Stateless,"Study etc., education",2024M08,3
Stateless,"Study etc., other reasons",2024M08,1
Albania,"Study etc., education",2024M08,3
Poland,"Study etc., education",2024M08,1
United Kingdom,"Study etc., education",2024M08,74
United Kingdom,"Study etc., interns",2024M08,2
Turkey,"Study etc., education",2024M08,19
Turkey,"Study etc., interns",2024M08,4
Turkey,"Study etc., other reasons",2024M08,4
Germany,"Study etc., other reasons",2024M08,2
Algeria,"Study etc., education",2024M08,1
Algeria,"Study etc., other reasons",2024M08,1
Ethiopia,"Study etc., education",2024M08,2
Ghana,"Study etc., education",2024M08,9
Ghana,"Study etc., interns",2024M08,1
Ghana,"Study etc., other reasons",2024M08,1
Kenya,"Study etc., au pair",2024M08,3
Kenya,"Study etc., interns",2024M08,9
Morocco,"Study etc., education",2024M08,4
Nigeria,"Study etc., education",2024M08,10
Nigeria,"Study etc., other reasons",2024M08,4
South Africa,"Study etc., education",2024M08,4
Tanzania,"Study etc., interns",2024M08,15
Tunisia,"Study etc., other reasons",2024M08,1
Uganda,"Study etc., education",2024M08,3
Uganda,"Study etc., interns",2024M08,45
Uganda,"Study etc., other reasons",2024M08,1
Egypt,"Study etc., education",2024M08,5
Egypt,"Study etc., other reasons",2024M08,6
Cameroon,"Study etc., education",2024M08,25
Cameroon,"Study etc., other reasons",2024M08,1
"Congo, Democratic Republic","Study etc., education",2024M08,1
Chad,"Study etc., education",2024M08,1
Argentina,"Study etc., education",2024M08,3
Argentina,"Study etc., other reasons",2024M08,10
Bolivia,"Study etc., education",2024M08,1
Brazil,"Study etc., education",2024M08,29
Brazil,"Study etc., interns",2024M08,3
Brazil,"Study etc., other reasons",2024M08,2
Canada,"Study etc., education",2024M08,68
Canada,"Study etc., interns",2024M08,1
Canada,"Study etc., other reasons",2024M08,3
Chile,"Study etc., education",2024M08,5
Colombia,"Study etc., education",2024M08,10
Colombia,"Study etc., interns",2024M08,1
Colombia,"Study etc., other reasons",2024M08,2
Ecuador,"Study etc., education",2024M08,2
Guatemala,"Study etc., education",2024M08,1
Mexico,"Study etc., education",2024M08,57
Panama,"Study etc., education",2024M08,1
Paraguay,"Study etc., education",2024M08,1
Peru,"Study etc., education",2024M08,5
Trinidad and Tobago,"Study etc., education",2024M08,1
Uruguay,"Study etc., education",2024M08,1
USA,"Study etc., education",2024M08,191
USA,"Study etc., interns",2024M08,3
USA,"Study etc., other reasons",2024M08,6
Venezuela,"Study etc., education",2024M08,1
United Arab Emirates,"Study etc., education",2024M08,1
Afghanistan,"Study etc., other reasons",2024M08,3
Bahrain,"Study etc., interns",2024M08,1
Bangladesh,"Study etc., education",2024M08,512
Bangladesh,"Study etc., interns",2024M08,2
Bangladesh,"Study etc., other reasons",2024M08,50
Myanmar,"Study etc., education",2024M08,1
Sri Lanka,"Study etc., education",2024M08,6
Sri Lanka,"Study etc., other reasons",2024M08,106
Taiwan,"Study etc., education",2024M08,1
India,"Study etc., education",2024M08,114
India,"Study etc., interns",2024M08,13
India,"Study etc., other reasons",2024M08,11
Indonesia,"Study etc., education",2024M08,8
Iran,"Study etc., education",2024M08,30
Iran,"Study etc., other reasons",2024M08,254
Israel,"Study etc., education",2024M08,4
Israel,"Study etc., other reasons",2024M08,1
Japan,"Study etc., education",2024M08,45
Japan,"Study etc., interns",2024M08,2
Japan,"Study etc., other reasons",2024M08,10
Jordan,"Study etc., education",2024M08,3
China,"Study etc., education",2024M08,189
China,"Study etc., interns",2024M08,4
China,"Study etc., other reasons",2024M08,3
Lebanon,"Study etc., education",2024M08,3
Mongolia,"Study etc., education",2024M08,1
Nepal,"Study etc., education",2024M08,565
Nepal,"Study etc., au pair",2024M08,1
Nepal,"Study etc., interns",2024M08,6
Nepal,"Study etc., other reasons",2024M08,171
Vietnam,"Study etc., education",2024M08,4
Vietnam,"Study etc., interns",2024M08,26
Pakistan,"Study etc., education",2024M08,29
Pakistan,"Study etc., other reasons",2024M08,110
Philippines,"Study etc., education",2024M08,3
Philippines,"Study etc., au pair",2024M08,15
Philippines,"Study etc., interns",2024M08,4
Philippines,"Study etc., other reasons",2024M08,4
Singapore,"Study etc., education",2024M08,23
South Korea,"Study etc., education",2024M08,33
South Korea,"Study etc., interns",2024M08,2
South Korea,"Study etc., other reasons",2024M08,1
Syria,"Study etc., education",2024M08,2
Syria,"Study etc., other reasons",2024M08,1
Thailand,"Study etc., education",2024M08,10
Thailand,"Study etc., other reasons",2024M08,2
Australia,"Study etc., education",2024M08,71
Australia,"Study etc., other reasons",2024M08,7
New Zealand,"Study etc., education",2024M08,10
New Zealand,"Study etc., other reasons",2024M08,1
Russia,"Study etc., education",2024M08,7
Russia,"Study etc., other reasons",2024M08,1
Ukraine,"Study etc., education",2024M08,9
Ukraine,"Study etc., interns",2024M08,1
Ukraine,"Study etc., other reasons",2024M08,1
Armenia,"Study etc., education",2024M08,1
Azerbaijan,"Study etc., education",2024M08,1
Azerbaijan,"Study etc., interns",2024M08,1
Uzbekistan,"Study etc., interns",2024M08,8
Uzbekistan,"Study etc., other reasons",2024M08,1
Kazakhstan,"Study etc., education",2024M08,6
Kyrgyzstan,"Study etc., education",2024M08,1
Kyrgyzstan,"Study etc., interns",2024M08,1
Georgia,"Study etc., education",2024M08,4
Serbia,"Study etc., education",2024M08,7
Kosovo,"Study etc., education",2024M08,1
Afghanistan,"Study etc., education",2025M06,1
Afghanistan,"Study etc., other reasons",2025M06,16
Bangladesh,"Study etc., education",2025M06,202
Bangladesh,"Study etc., interns",2025M06,11
Bangladesh,"Study etc., other reasons",2025M06,200
Myanmar,"Study etc., education",2025M06,1
Cambodia,"Study etc., interns",2025M06,2
Sri Lanka,"Study etc., education",2025M06,1
Sri Lanka,"Study etc., interns",2025M06,3
Sri Lanka,"Study etc., other reasons",2025M06,86
India,"Study etc., education",2025M06,78
India,"Study etc., interns",2025M06,11
India,"Study etc., other reasons",2025M06,20
Indonesia,"Study etc., education",2025M06,8
Indonesia,"Study etc., other reasons",2025M06,1
Iraq,"Study etc., interns",2025M06,1
Iraq,"Study etc., other reasons",2025M06,1
Iran,"Study etc., education",2025M06,11
Iran,"Study etc., interns",2025M06,3
Iran,"Study etc., other reasons",2025M06,96
Israel,"Study etc., education",2025M06,1
Japan,"Study etc., education",2025M06,88
Japan,"Study etc., au pair",2025M06,2
Japan,"Study etc., other reasons",2025M06,14
China,"Study etc., education",2025M06,118
China,"Study etc., interns",2025M06,4
China,"Study etc., other reasons",2025M06,5
Lebanon,"Study etc., education",2025M06,1
Malaysia,"Study etc., education",2025M06,2
Malaysia,"Study etc., other reasons",2025M06,2
Nepal,"Study etc., education",2025M06,93
Nepal,"Study etc., au pair",2025M06,1
Nepal,"Study etc., interns",2025M06,3
Nepal,"Study etc., other reasons",2025M06,158
Vietnam,"Study etc., education",2025M06,10
Vietnam,"Study etc., interns",2025M06,74
Vietnam,"Study etc., other reasons",2025M06,1
Pakistan,"Study etc., education",2025M06,9
Pakistan,"Study etc., other reasons",2025M06,126
Philippines,"Study etc., education",2025M06,4
Philippines,"Study etc., au pair",2025M06,32
Philippines,"Study etc., interns",2025M06,13
Philippines,"Study etc., other reasons",2025M06,1
Singapore,"Study etc., education",2025M06,26
South Korea,"Study etc., education",2025M06,9
South Korea,"Study etc., interns",2025M06,7
South Korea,"Study etc., other reasons",2025M06,11
Thailand,"Study etc., education",2025M06,6
Thailand,"Study etc., au pair",2025M06,3
Thailand,"Study etc., interns",2025M06,4
Thailand,"Study etc., other reasons",2025M06,4
Australia,"Study etc., education",2025M06,79
Australia,"Study etc., other reasons",2025M06,20
New Zealand,"Study etc., education",2025M06,10
New Zealand,"Study etc., other reasons",2025M06,1
Russia,"Study etc., education",2025M06,4
Ukraine,"Study etc., education",2025M06,5
Ukraine,"Study etc., other reasons",2025M06,3
Armenia,"Study etc., education",2025M06,1
Uzbekistan,"Study etc., interns",2025M06,19
Kazakhstan,"Study etc., education",2025M06,2
Kyrgyzstan,"Study etc., interns",2025M06,3
Georgia,"Study etc., interns",2025M06,1
Republic of North Macedonia,"Study etc., interns",2025M06,1
Serbia,"Study etc., education",2025M06,3
Serbia,"Study etc., other reasons",2025M06,1
United Kingdom,"Study etc., education",2025M12,19
United Kingdom,"Study etc., interns",2025M12,2
Turkey,"Study etc., education",2025M12,15
Turkey,"Study etc., interns",2025M12,2
Turkey,"Study etc., other reasons",2025M12,1
Germany,"Study etc., other reasons",2025M12,2
Algeria,"Study etc., education",2025M12,2
Ghana,"Study etc., education",2025M12,3
Ghana,"Study etc., interns",2025M12,2
Kenya,"Study etc., education",2025M12,2
Kenya,"Study etc., au pair",2025M12,2
Kenya,"Study etc., interns",2025M12,9
Madagascar,"Study etc., au pair",2025M12,1
Morocco,"Study etc., education",2025M12,2
Morocco,"Study etc., other reasons",2025M12,1
Nigeria,"Study etc., education",2025M12,1
Nigeria,"Study etc., other reasons",2025M12,3
South Africa,"Study etc., au pair",2025M12,1
South Africa,"Study etc., interns",2025M12,2
Tanzania,"Study etc., interns",2025M12,15
Tunisia,"Study etc., interns",2025M12,1
Uganda,"Study etc., education",2025M12,1
Uganda,"Study etc., au pair",2025M12,1
Uganda,"Study etc., interns",2025M12,20
Egypt,"Study etc., education",2025M12,6
Cameroon,"Study etc., education",2025M12,1
Burkina Faso,"Study etc., education",2025M12,1
Malawi,"Study etc., interns",2025M12,2
Argentina,"Study etc., other reasons",2025M12,1
Brazil,"Study etc., education",2025M12,9
Brazil,"Study etc., interns",2025M12,1
Canada,"Study etc., education",2025M12,32
Canada,"Study etc., interns",2025M12,1
Canada,"Study etc., other reasons",2025M12,5
Chile,"Study etc., education",2025M12,4
Colombia,"Study etc., education",2025M12,4
Colombia,"Study etc., au pair",2025M12,1
Colombia,"Study etc., interns",2025M12,1
Ecuador,"Study etc., education",2025M12,1
Mexico,"Study etc., education",2025M12,21
Mexico,"Study etc., au pair",2025M12,1
Mexico,"Study etc., other reasons",2025M12,2
Nicaragua,"Study etc., education",2025M12,1
Uruguay,"Study etc., education",2025M12,1
USA,"Study etc., education",2025M12,97
USA,"Study etc., au pair",2025M12,2
USA,"Study etc., interns",2025M12,1
USA,"Study etc., other reasons",2025M12,6
Venezuela,"Study etc., education",2025M12,1
Afghanistan,"Study etc., other reasons",2025M12,3
Bangladesh,"Study etc., education",2025M12,3
Bangladesh,"Study etc., interns",2025M12,3
Bangladesh,"Study etc., other reasons",2025M12,13
Myanmar,"Study etc., other reasons",2025M12,1
Sri Lanka,"Study etc., education",2025M12,2
Sri Lanka,"Study etc., interns",2025M12,1
Taiwan,"Study etc., education",2025M12,1
India,"Study etc., education",2025M12,24
India,"Study etc., interns",2025M12,8
India,"Study etc., other reasons",2025M12,4
Indonesia,"Study etc., education",2025M12,5
Indonesia,"Study etc., au pair",2025M12,1
Iran,"Study etc., education",2025M12,11
Iran,"Study etc., other reasons",2025M12,13
Israel,"Study etc., education",2025M12,3
Japan,"Study etc., education",2025M12,27
Japan,"Study etc., other reasons",2025M12,32
China,"Study etc., education",2025M12,68
China,"Study etc., au pair",2025M12,1
China,"Study etc., interns",2025M12,1
China,"Study etc., other reasons",2025M12,3
Malaysia,"Study etc., education",2025M12,1
Malaysia,"Study etc., interns",2025M12,1
Nepal,"Study etc., education",2025M12,3
Nepal,"Study etc., au pair",2025M12,3
Nepal,"Study etc., interns",2025M12,1
Nepal,"Study etc., other reasons",2025M12,6
Vietnam,"Study etc., education",2025M12,3
Vietnam,"Study etc., interns",2025M12,52
Pakistan,"Study etc., education",2025M12,4
Pakistan,"Study etc., interns",2025M12,2
Pakistan,"Study etc., other reasons",2025M12,14
Philippines,"Study etc., education",2025M12,2
Philippines,"Study etc., au pair",2025M12,24
Philippines,"Study etc., interns",2025M12,15
Singapore,"Study etc., education",2025M12,17
South Korea,"Study etc., education",2025M12,2
South Korea,"Study etc., other reasons",2025M12,4
Thailand,"Study etc., education",2025M12,3
Thailand,"Study etc., interns",2025M12,2
Australia,"Study etc., education",2025M12,67
Australia,"Study etc., other reasons",2025M12,21
New Zealand,"Study etc., education",2025M12,9
New Zealand,"Study etc., interns",2025M12,1
New Zealand,"Study etc., other reasons",2025M12,2
Russia,"Study etc., education",2025M12,4
Ukraine,"Study etc., education",2025M12,10
Belarus,"Study etc., education",2025M12,1
Azerbaijan,"Study etc., education",2025M12,1
Moldova,"Study etc., education",2025M12,1
Uzbekistan,"Study etc., education",2025M12,1
Uzbekistan,"Study etc., interns",2025M12,4
Kyrgyzstan,"Study etc., interns",2025M12,1
Georgia,"Study etc., education",2025M12,11
Serbia,"Study etc., education",2025M12,1
Italy,"Study etc., education",2025M05,1
Poland,"Study etc., other reasons",2025M05,1
Portugal,"Study etc., education",2025M05,1
United Kingdom,"Study etc., education",2025M05,7
United Kingdom,"Study etc., interns",2025M05,1
Turkey,"Study etc., education",2025M05,13
Turkey,"Study etc., interns",2025M05,2
Turkey,"Study etc., other reasons",2025M05,6
Ghana,"Study etc., education",2025M05,3
Ghana,"Study etc., interns",2025M05,7
Kenya,"Study etc., education",2025M05,3
Kenya,"Study etc., interns",2025M05,15
Morocco,"Study etc., other reasons",2025M05,1
Nigeria,"Study etc., education",2025M05,5
Nigeria,"Study etc., other reasons",2025M05,6
Sierra Leone,"Study etc., education",2025M05,1
South Africa,"Study etc., education",2025M05,1
South Africa,"Study etc., interns",2025M05,5
Tanzania,"Study etc., interns",2025M05,19
Uganda,"Study etc., education",2025M05,2
Uganda,"Study etc., interns",2025M05,77
Egypt,"Study etc., education",2025M05,1
Egypt,"Study etc., other reasons",2025M05,1
Cameroon,"Study etc., education",2025M05,1
"Congo, Democratic Republic","Study etc., other reasons",2025M05,5
Rwanda,"Study etc., education",2025M05,1
Rwanda,"Study etc., interns",2025M05,1
Malawi,"Study etc., education",2025M05,1
Argentina,"Study etc., education",2025M05,2
Argentina,"Study etc., other reasons",2025M05,10
Brazil,"Study etc., education",2025M05,2
Brazil,"Study etc., interns",2025M05,6
Saint Vincent and the Grenadines,"Study etc., interns",2025M05,1
Canada,"Study etc., education",2025M05,10
Canada,"Study etc., interns",2025M05,2
Canada,"Study etc., other reasons",2025M05,8
Chile,"Study etc., education",2025M05,4
Chile,"Study etc., other reasons",2025M05,12
Colombia,"Study etc., education",2025M05,3
Dominican Republic,"Study etc., education",2025M05,1
Mexico,"Study etc., education",2025M05,13
Mexico,"Study etc., interns",2025M05,2
Peru,"Study etc., education",2025M05,2
Peru,"Study etc., interns",2025M05,1
Trinidad and Tobago,"Study etc., interns",2025M05,1
USA,"Study etc., education",2025M05,36
USA,"Study etc., interns",2025M05,30
USA,"Study etc., other reasons",2025M05,12
Afghanistan,"Study etc., education",2025M05,1
Afghanistan,"Study etc., other reasons",2025M05,15
Bangladesh,"Study etc., education",2025M05,121
Bangladesh,"Study etc., interns",2025M05,5
Bangladesh,"Study etc., other reasons",2025M05,82
Cambodia,"Study etc., interns",2025M05,6
Sri Lanka,"Study etc., interns",2025M05,2
Sri Lanka,"Study etc., other reasons",2025M05,70
Taiwan,"Study etc., education",2025M05,1
India,"Study etc., education",2025M05,39
India,"Study etc., interns",2025M05,21
India,"Study etc., other reasons",2025M05,17
Indonesia,"Study etc., education",2025M05,14
Indonesia,"Study etc., au pair",2025M05,1
Indonesia,"Study etc., other reasons",2025M05,3
Iraq,"Study etc., other reasons",2025M05,5
Iran,"Study etc., education",2025M05,6
Iran,"Study etc., other reasons",2025M05,95
Israel,"Study etc., education",2025M05,2
Japan,"Study etc., education",2025M05,43
Japan,"Study etc., other reasons",2025M05,18
China,"Study etc., education",2025M05,88
China,"Study etc., interns",2025M05,3
China,"Study etc., other reasons",2025M05,5
Lebanon,"Study etc., education",2025M05,2
Nepal,"Study etc., education",2025M05,191
Nepal,"Study etc., interns",2025M05,4
Nepal,"Study etc., other reasons",2025M05,235
Vietnam,"Study etc., education",2025M05,9
Vietnam,"Study etc., interns",2025M05,43
Vietnam,"Study etc., other reasons",2025M05,1
Pakistan,"Study etc., education",2025M05,20
Pakistan,"Study etc., other reasons",2025M05,114
Philippines,"Study etc., education",2025M05,2
Philippines,"Study etc., au pair",2025M05,37
Philippines,"Study etc., interns",2025M05,15
Philippines,"Study etc., other reasons",2025M05,2
Singapore,"Study etc., education",2025M05,20
South Korea,"Study etc., education",2025M05,4
South Korea,"Study etc., interns",2025M05,1
South Korea,"Study etc., other reasons",2025M05,3
Thailand,"Study etc., education",2025M05,8
Thailand,"Study etc., au pair",2025M05,1
Thailand,"Study etc., interns",2025M05,2
Thailand,"Study etc., other reasons",2025M05,1
Australia,"Study etc., education",2025M05,15
Australia,"Study etc., other reasons",2025M05,24
New Zealand,"Study etc., education",2025M05,4
New Zealand,"Study etc., other reasons",2025M05,1
Papua New Guinea,"Study etc., education",2025M05,1
Russia,"Study etc., other reasons",2025M05,1
Ukraine,"Study etc., education",2025M05,1
Ukraine,"Study etc., other reasons",2025M05,4
Belarus,"Study etc., education",2025M05,1
Armenia,"Study etc., education",2025M05,1
Uzbekistan,"Study etc., interns",2025M05,10
Kyrgyzstan,"Study etc., interns",2025M05,3
Georgia,"Study etc., education",2025M05,1
Serbia,"Study etc., education",2025M05,1
Serbia,"Study etc., other reasons",2025M05,1
Stateless,"Study etc., other reasons",2025M06,1
United Kingdom,"Study etc., education",2025M06,19
United Kingdom,"Study etc., interns",2025M06,1
United Kingdom,"Study etc., other reasons",2025M06,1
Turkey,"Study etc., education",2025M06,11
Turkey,"Study etc., interns",2025M06,3
Turkey,"Study etc., other reasons",2025M06,7
"Gambia, The","Study etc., education",2025M06,1
Ghana,"Study etc., education",2025M06,10
Ghana,"Study etc., interns",2025M06,4
Ghana,"Study etc., other reasons",2025M06,1
Kenya,"Study etc., education",2025M06,6
Kenya,"Study etc., au pair",2025M06,5
Kenya,"Study etc., interns",2025M06,14
Madagascar,"Study etc., au pair",2025M06,1
Morocco,"Study etc., education",2025M06,2
Nigeria,"Study etc., education",2025M06,2
Eswatini,"Study etc., education",2025M06,1
South Africa,"Study etc., education",2025M06,4
South Africa,"Study etc., interns",2025M06,6
Tanzania,"Study etc., interns",2025M06,30
Tunisia,"Study etc., education",2025M06,1
Uganda,"Study etc., interns",2025M06,59
Egypt,"Study etc., education",2025M06,3
Egypt,"Study etc., other reasons",2025M06,5
Cameroon,"Study etc., education",2025M06,5
Cameroon,"Study etc., interns",2025M06,1
Cameroon,"Study etc., other reasons",2025M06,4
"Congo, Democratic Republic","Study etc., other reasons",2025M06,2
Benin,"Study etc., education",2025M06,1
Zambia,"Study etc., education",2025M06,2
Argentina,"Study etc., education",2025M06,1
Bolivia,"Study etc., other reasons",2025M06,1
Brazil,"Study etc., education",2025M06,7
Brazil,"Study etc., au pair",2025M06,2
Brazil,"Study etc., interns",2025M06,9
Brazil,"Study etc., other reasons",2025M06,1
Canada,"Study etc., education",2025M06,43
Canada,"Study etc., other reasons",2025M06,3
Chile,"Study etc., education",2025M06,4
Colombia,"Study etc., education",2025M06,12
Ecuador,"Study etc., education",2025M06,2
Guatemala,"Study etc., education",2025M06,1
Honduras,"Study etc., education",2025M06,1
Honduras,"Study etc., interns",2025M06,1
Mexico,"Study etc., education",2025M06,36
Mexico,"Study etc., interns",2025M06,3
Paraguay,"Study etc., education",2025M06,1
Peru,"Study etc., education",2025M06,5
Uruguay,"Study etc., education",2025M06,1
USA,"Study etc., education",2025M06,69
USA,"Study etc., interns",2025M06,18
USA,"Study etc., other reasons",2025M06,9
Venezuela,"Study etc., au pair",2025M06,1
Philippines,"Study etc., au pair",2025M09,18
Philippines,"Study etc., interns",2025M09,9
Singapore,"Study etc., education",2025M09,8
South Korea,"Study etc., education",2025M09,25
South Korea,"Study etc., interns",2025M09,2
South Korea,"Study etc., other reasons",2025M09,4
Syria,"Study etc., interns",2025M09,1
Thailand,"Study etc., interns",2025M09,1
Thailand,"Study etc., other reasons",2025M09,2
Australia,"Study etc., education",2025M09,18
Australia,"Study etc., interns",2025M09,3
Australia,"Study etc., other reasons",2025M09,15
New Zealand,"Study etc., education",2025M09,3
New Zealand,"Study etc., other reasons",2025M09,3
Russia,"Study etc., education",2025M09,3
Ukraine,"Study etc., education",2025M09,9
Ukraine,"Study etc., other reasons",2025M09,3
Belarus,"Study etc., education",2025M09,1
Armenia,"Study etc., education",2025M09,3
Azerbaijan,"Study etc., education",2025M09,1
Azerbaijan,"Study etc., interns",2025M09,1
Uzbekistan,"Study etc., interns",2025M09,10
Uzbekistan,"Study etc., other reasons",2025M09,2
Georgia,"Study etc., education",2025M09,3
Serbia,"Study etc., education",2025M09,1
Stateless,"Study etc., other reasons",2025M09,2
Albania,"Study etc., education",2025M09,2
Andorra,"Study etc., education",2025M09,1
United Kingdom,"Study etc., education",2025M09,25
United Kingdom,"Study etc., other reasons",2025M09,1
Turkey,"Study etc., education",2025M09,4
Turkey,"Study etc., interns",2025M09,2
Turkey,"Study etc., other reasons",2025M09,9
Algeria,"Study etc., education",2025M09,1
Algeria,"Study etc., other reasons",2025M09,1
Ethiopia,"Study etc., interns",2025M09,1
Ghana,"Study etc., education",2025M09,1
Kenya,"Study etc., education",2025M09,1
Kenya,"Study etc., au pair",2025M09,1
Kenya,"Study etc., interns",2025M09,5
Morocco,"Study etc., education",2025M09,3
Nigeria,"Study etc., education",2025M09,3
Nigeria,"Study etc., other reasons",2025M09,6
South Africa,"Study etc., education",2025M09,1
South Africa,"Study etc., interns",2025M09,18
Tanzania,"Study etc., interns",2025M09,16
Tunisia,"Study etc., education",2025M09,1
Uganda,"Study etc., education",2025M09,2
Uganda,"Study etc., interns",2025M09,41
Egypt,"Study etc., education",2025M09,7
Egypt,"Study etc., other reasons",2025M09,1
Cameroon,"Study etc., education",2025M09,12
Cameroon,"Study etc., other reasons",2025M09,12
"Congo, Democratic Republic","Study etc., other reasons",2025M09,10
Rwanda,"Study etc., other reasons",2025M09,2
Zambia,"Study etc., education",2025M09,1
Argentina,"Study etc., education",2025M09,2
Argentina,"Study etc., interns",2025M09,1
Brazil,"Study etc., education",2025M09,10
Brazil,"Study etc., au pair",2025M09,1
Brazil,"Study etc., interns",2025M09,1
Brazil,"Study etc., other reasons",2025M09,1
Canada,"Study etc., education",2025M09,30
Canada,"Study etc., other reasons",2025M09,10
Chile,"Study etc., education",2025M09,5
Chile,"Study etc., other reasons",2025M09,28
Colombia,"Study etc., education",2025M09,5
Colombia,"Study etc., au pair",2025M09,1
Colombia,"Study etc., interns",2025M09,1
Costa Rica,"Study etc., education",2025M09,1
Dominica,"Study etc., education",2025M09,1
Honduras,"Study etc., education",2025M09,1
Mexico,"Study etc., education",2025M09,16
Mexico,"Study etc., interns",2025M09,3
Nicaragua,"Study etc., education",2025M09,1
Paraguay,"Study etc., education",2025M09,2
Peru,"Study etc., education",2025M09,2
USA,"Study etc., education",2025M09,1490
USA,"Study etc., interns",2025M09,4
USA,"Study etc., other reasons",2025M09,16
Afghanistan,"Study etc., other reasons",2025M09,23
Bangladesh,"Study etc., education",2025M09,69
Bangladesh,"Study etc., interns",2025M09,5
Bangladesh,"Study etc., other reasons",2025M09,154
Cambodia,"Study etc., interns",2025M09,1
Sri Lanka,"Study etc., education",2025M09,4
Sri Lanka,"Study etc., other reasons",2025M09,87
India,"Study etc., education",2025M09,25
India,"Study etc., interns",2025M09,13
India,"Study etc., other reasons",2025M09,46
Indonesia,"Study etc., interns",2025M09,1
Iraq,"Study etc., other reasons",2025M09,4
Iran,"Study etc., education",2025M09,14
Iran,"Study etc., other reasons",2025M09,92
Israel,"Study etc., education",2025M09,2
Israel,"Study etc., interns",2025M09,1
Israel,"Study etc., other reasons",2025M09,1
Japan,"Study etc., education",2025M09,35
Japan,"Study etc., interns",2025M09,1
Japan,"Study etc., other reasons",2025M09,24
China,"Study etc., education",2025M09,44
China,"Study etc., interns",2025M09,7
China,"Study etc., other reasons",2025M09,10
Malaysia,"Study etc., education",2025M09,1
Malaysia,"Study etc., interns",2025M09,1
Nepal,"Study etc., education",2025M09,25
Nepal,"Study etc., interns",2025M09,10
Nepal,"Study etc., other reasons",2025M09,76
Vietnam,"Study etc., education",2025M09,8
Vietnam,"Study etc., interns",2025M09,61
Pakistan,"Study etc., education",2025M09,11
Pakistan,"Study etc., interns",2025M09,1
Pakistan,"Study etc., other reasons",2025M09,105
Stateless,"Study etc., education",2025M11,1
Albania,"Study etc., education",2025M11,1
France,"Study etc., other reasons",2025M11,2
United Kingdom,"Study etc., education",2025M11,11
Turkey,"Study etc., education",2025M11,14
Turkey,"Study etc., interns",2025M11,1
Turkey,"Study etc., other reasons",2025M11,12
Algeria,"Study etc., other reasons",2025M11,1
Ethiopia,"Study etc., education",2025M11,3
"Gambia, The","Study etc., au pair",2025M11,1
Ghana,"Study etc., education",2025M11,6
Ghana,"Study etc., interns",2025M11,2
Ghana,"Study etc., other reasons",2025M11,1
Kenya,"Study etc., education",2025M11,4
Kenya,"Study etc., au pair",2025M11,2
Kenya,"Study etc., interns",2025M11,9
Morocco,"Study etc., education",2025M11,3
Nigeria,"Study etc., education",2025M11,3
Nigeria,"Study etc., other reasons",2025M11,2
Namibia,"Study etc., interns",2025M11,1
South Africa,"Study etc., education",2025M11,4
South Africa,"Study etc., interns",2025M11,2
Tanzania,"Study etc., interns",2025M11,17
Uganda,"Study etc., au pair",2025M11,1
Uganda,"Study etc., interns",2025M11,18
Uganda,"Study etc., other reasons",2025M11,4
Egypt,"Study etc., education",2025M11,2
Egypt,"Study etc., other reasons",2025M11,1
Cameroon,"Study etc., other reasons",2025M11,4
Rwanda,"Study etc., other reasons",2025M11,1
Zambia,"Study etc., education",2025M11,1
Zambia,"Study etc., au pair",2025M11,1
Argentina,"Study etc., education",2025M11,7
Argentina,"Study etc., other reasons",2025M11,22
Brazil,"Study etc., education",2025M11,2
Brazil,"Study etc., au pair",2025M11,2
Brazil,"Study etc., interns",2025M11,3
Brazil,"Study etc., other reasons",2025M11,3
Canada,"Study etc., education",2025M11,49
Canada,"Study etc., interns",2025M11,1
Canada,"Study etc., other reasons",2025M11,8
Chile,"Study etc., education",2025M11,4
Chile,"Study etc., other reasons",2025M11,29
Colombia,"Study etc., education",2025M11,4
Costa Rica,"Study etc., education",2025M11,1
Cuba,"Study etc., education",2025M11,1
Dominica,"Study etc., education",2025M11,1
Honduras,"Study etc., education",2025M11,1
Mexico,"Study etc., education",2025M11,21
Mexico,"Study etc., interns",2025M11,1
Mexico,"Study etc., other reasons",2025M11,1
Peru,"Study etc., education",2025M11,1
El Salvador,"Study etc., education",2025M11,1
USA,"Study etc., education",2025M11,77
USA,"Study etc., interns",2025M11,2
USA,"Study etc., other reasons",2025M11,21
Afghanistan,"Study etc., other reasons",2025M11,26
Bahrain,"Study etc., other reasons",2025M11,1
Bhutan,"Study etc., education",2025M11,1
Bangladesh,"Study etc., education",2025M11,4
Bangladesh,"Study etc., interns",2025M11,4
Bangladesh,"Study etc., other reasons",2025M11,66
Myanmar,"Study etc., education",2025M11,3
Sri Lanka,"Study etc., education",2025M11,3
Sri Lanka,"Study etc., interns",2025M11,1
Sri Lanka,"Study etc., other reasons",2025M11,10
India,"Study etc., education",2025M11,27
India,"Study etc., interns",2025M11,21
India,"Study etc., other reasons",2025M11,16
Indonesia,"Study etc., education",2025M11,3
Indonesia,"Study etc., au pair",2025M11,1
Indonesia,"Study etc., other reasons",2025M11,1
Iraq,"Study etc., other reasons",2025M11,3
Iran,"Study etc., education",2025M11,9
Iran,"Study etc., interns",2025M11,3
Iran,"Study etc., other reasons",2025M11,56
Israel,"Study etc., education",2025M11,2
Japan,"Study etc., education",2025M11,28
Japan,"Study etc., other reasons",2025M11,25
China,"Study etc., education",2025M11,77
China,"Study etc., interns",2025M11,1
China,"Study etc., other reasons",2025M11,3
Lebanon,"Study etc., education",2025M11,2
Malaysia,"Study etc., education",2025M11,2
Nepal,"Study etc., education",2025M11,11
Nepal,"Study etc., interns",2025M11,5
Nepal,"Study etc., other reasons",2025M11,30
Vietnam,"Study etc., education",2025M11,6
Vietnam,"Study etc., interns",2025M11,39
Pakistan,"Study etc., education",2025M11,8
Pakistan,"Study etc., other reasons",2025M11,81
Philippines,"Study etc., education",2025M11,4
Philippines,"Study etc., au pair",2025M11,33
Philippines,"Study etc., interns",2025M11,8
Philippines,"Study etc., other reasons",2025M11,4
Singapore,"Study etc., education",2025M11,46
South Korea,"Study etc., education",2025M11,7
South Korea,"Study etc., other reasons",2025M11,6
Thailand,"Study etc., education",2025M11,14
Thailand,"Study etc., au pair",2025M11,1
Thailand,"Study etc., interns",2025M11,1
Thailand,"Study etc., other reasons",2025M11,2
Australia,"Study etc., education",2025M11,73
Australia,"Study etc., other reasons",2025M11,8
New Zealand,"Study etc., education",2025M11,9
New Zealand,"Study etc., other reasons",2025M11,3
Russia,"Study etc., education",2025M11,3
Russia,"Study etc., other reasons",2025M11,2
Ukraine,"Study etc., education",2025M11,1
Ukraine,"Study etc., other reasons",2025M11,3
Azerbaijan,"Study etc., education",2025M11,1
Uzbekistan,"Study etc., interns",2025M11,6
Kazakhstan,"Study etc., education",2025M11,2
Tajikistan,"Study etc., education",2025M11,1
Republic of North Macedonia,"Study etc., education",2025M11,1
United Kingdom,"Study etc., education",2026M06,8
United Kingdom,"Study etc., interns",2026M06,2
Turkey,"Study etc., education",2026M06,11
Turkey,"Study etc., interns",2026M06,18
Turkey,"Study etc., other reasons",2026M06,10
Germany,"Study etc., other reasons",2026M06,1
Algeria,"Study etc., education",2026M06,1
Ghana,"Study etc., education",2026M06,14
Ghana,"Study etc., other reasons",2026M06,1
Kenya,"Study etc., education",2026M06,1
Kenya,"Study etc., au pair",2026M06,3
Kenya,"Study etc., other reasons",2026M06,1
Morocco,"Study etc., interns",2026M06,1
Morocco,"Study etc., other reasons",2026M06,1
Mauritius,"Study etc., education",2026M06,1
Nigeria,"Study etc., education",2026M06,3
Nigeria,"Study etc., other reasons",2026M06,1
Namibia,"Study etc., au pair",2026M06,1
Sudan,"Study etc., education",2026M06,1
South Africa,"Study etc., education",2026M06,2
South Africa,"Study etc., interns",2026M06,6
Tanzania,"Study etc., education",2026M06,1
Tunisia,"Study etc., education",2026M06,1
Egypt,"Study etc., education",2026M06,4
Egypt,"Study etc., other reasons",2026M06,1
Benin,"Study etc., education",2026M06,1
Rwanda,"Study etc., education",2026M06,1
Burkina Faso,"Study etc., education",2026M06,1
Zimbabwe,"Study etc., education",2026M06,2
Argentina,"Study etc., education",2026M06,3
Argentina,"Study etc., interns",2026M06,1
Argentina,"Study etc., other reasons",2026M06,1
Bolivia,"Study etc., education",2026M06,1
Brazil,"Study etc., education",2026M06,3
Brazil,"Study etc., au pair",2026M06,1
Brazil,"Study etc., interns",2026M06,7
Canada,"Study etc., education",2026M06,15
Canada,"Study etc., interns",2026M06,1
Canada,"Study etc., other reasons",2026M06,4
Chile,"Study etc., education",2026M06,1
Colombia,"Study etc., education",2026M06,4
Colombia,"Study etc., au pair",2026M06,1
Colombia,"Study etc., interns",2026M06,2
Ecuador,"Study etc., education",2026M06,3
Honduras,"Study etc., au pair",2026M06,1
Mexico,"Study etc., education",2026M06,18
Mexico,"Study etc., interns",2026M06,2
Mexico,"Study etc., other reasons",2026M06,2
Panama,"Study etc., education",2026M06,1
USA,"Study etc., education",2026M06,26
USA,"Study etc., interns",2026M06,7
USA,"Study etc., other reasons",2026M06,2
Venezuela,"Study etc., interns",2026M06,1
Bangladesh,"Study etc., education",2026M06,16
Bangladesh,"Study etc., interns",2026M06,19
Bangladesh,"Study etc., other reasons",2026M06,6
Myanmar,"Study etc., education",2026M06,1
Cambodia,"Study etc., education",2026M06,1
Cambodia,"Study etc., interns",2026M06,4
Sri Lanka,"Study etc., education",2026M06,3
Sri Lanka,"Study etc., interns",2026M06,4
Sri Lanka,"Study etc., other reasons",2026M06,9
India,"Study etc., education",2026M06,83
India,"Study etc., interns",2026M06,14
India,"Study etc., other reasons",2026M06,7
Indonesia,"Study etc., education",2026M06,25
Iran,"Study etc., education",2026M06,11
Iran,"Study etc., interns",2026M06,1
Iran,"Study etc., other reasons",2026M06,17
Israel,"Study etc., education",2026M06,2
Japan,"Study etc., education",2026M06,18
Japan,"Study etc., interns",2026M06,1
Japan,"Study etc., other reasons",2026M06,27
Jordan,"Study etc., education",2026M06,1
China,"Study etc., education",2026M06,120
China,"Study etc., interns",2026M06,2
Laos,"Study etc., education",2026M06,1
Lebanon,"Study etc., education",2026M06,1
Malaysia,"Study etc., education",2026M06,4
Mongolia,"Study etc., education",2026M06,1
Nepal,"Study etc., education",2026M06,16
Nepal,"Study etc., interns",2026M06,2
Nepal,"Study etc., other reasons",2026M06,3
Vietnam,"Study etc., education",2026M06,21
Vietnam,"Study etc., interns",2026M06,8
Pakistan,"Study etc., education",2026M06,15
Pakistan,"Study etc., other reasons",2026M06,16
Philippines,"Study etc., education",2026M06,4
Philippines,"Study etc., au pair",2026M06,33
Philippines,"Study etc., interns",2026M06,20
Singapore,"Study etc., education",2026M06,11
Singapore,"Study etc., au pair",2026M06,1
South Korea,"Study etc., education",2026M06,7
South Korea,"Study etc., interns",2026M06,3
South Korea,"Study etc., other reasons",2026M06,4
Syria,"Study etc., other reasons",2026M06,1
Thailand,"Study etc., education",2026M06,28
Thailand,"Study etc., au pair",2026M06,2
Thailand,"Study etc., interns",2026M06,3
Australia,"Study etc., education",2026M06,40
Australia,"Study etc., other reasons",2026M06,14
New Zealand,"Study etc., education",2026M06,6
New Zealand,"Study etc., other reasons",2026M06,2
Russia,"Study etc., education",2026M06,7
Russia,"Study etc., other reasons",2026M06,1
Ukraine,"Study etc., education",2026M06,6
Ukraine,"Study etc., other reasons",2026M06,4
Azerbaijan,"Study etc., education",2026M06,2
Uzbekistan,"Study etc., interns",2026M06,6
Kazakhstan,"Study etc., education",2026M06,2
Kazakhstan,"Study etc., interns",2026M06,1
Kyrgyzstan,"Study etc., interns",2026M06,3
Georgia,"Study etc., education",2026M06,1
Republic of North Macedonia,"Study etc., education",2026M06,2
Serbia,"Study etc., education",2026M06,2
Albania,"Study etc., education",2024M01,1
Albania,"Study etc., other reasons",2024M01,1
Andorra,"Study etc., education",2024M01,1
Belgium,"Study etc., other reasons",2024M01,2
France,"Study etc., other reasons",2024M01,1
Netherlands,"Study etc., other reasons",2024M01,1
Italy,"Study etc., other reasons",2024M01,1
Albania,"Study etc., education",2026M01,2
Belgium,"Study etc., other reasons",2026M01,2
France,"Study etc., other reasons",2026M01,2
Netherlands,"Study etc., other reasons",2026M01,1
United Kingdom,"Study etc., education",2026M01,18
United Kingdom,"Study etc., interns",2026M01,2
United Kingdom,"Study etc., other reasons",2026M01,5
Turkey,"Study etc., education",2026M01,11
Turkey,"Study etc., interns",2026M01,5
Turkey,"Study etc., other reasons",2026M01,5
Hungary,"Study etc., other reasons",2026M01,1
Algeria,"Study etc., education",2026M01,1
Algeria,"Study etc., other reasons",2026M01,1
Ghana,"Study etc., education",2026M01,3
Ghana,"Study etc., interns",2026M01,2
Kenya,"Study etc., education",2026M01,2
Kenya,"Study etc., interns",2026M01,9
Nigeria,"Study etc., education",2026M01,1
Nigeria,"Study etc., other reasons",2026M01,2
South Africa,"Study etc., education",2026M01,1
South Africa,"Study etc., interns",2026M01,3
Tanzania,"Study etc., interns",2026M01,13
Tunisia,"Study etc., education",2026M01,1
Tunisia,"Study etc., interns",2026M01,1
Uganda,"Study etc., au pair",2026M01,1
Egypt,"Study etc., education",2026M01,1
Egypt,"Study etc., interns",2026M01,1
Egypt,"Study etc., other reasons",2026M01,5
Cameroon,"Study etc., education",2026M01,2
Cameroon,"Study etc., other reasons",2026M01,1
Argentina,"Study etc., education",2026M01,1
Brazil,"Study etc., education",2026M01,21
Brazil,"Study etc., interns",2026M01,8
Brazil,"Study etc., other reasons",2026M01,6
Canada,"Study etc., education",2026M01,25
Canada,"Study etc., interns",2026M01,8
Canada,"Study etc., other reasons",2026M01,8
Chile,"Study etc., education",2026M01,2
Chile,"Study etc., interns",2026M01,1
Colombia,"Study etc., education",2026M01,5
Colombia,"Study etc., interns",2026M01,1
Costa Rica,"Study etc., education",2026M01,3
Ecuador,"Study etc., education",2026M01,1
Honduras,"Study etc., au pair",2026M01,1
Mexico,"Study etc., education",2026M01,18
Mexico,"Study etc., interns",2026M01,3
Mexico,"Study etc., other reasons",2026M01,3
Peru,"Study etc., education",2026M01,4
USA,"Study etc., education",2026M01,1800
USA,"Study etc., interns",2026M01,8
USA,"Study etc., other reasons",2026M01,11
Yemen,"Study etc., education",2026M01,1
Afghanistan,"Study etc., other reasons",2026M01,1
Bangladesh,"Study etc., education",2026M01,12
Bangladesh,"Study etc., interns",2026M01,1
Bangladesh,"Study etc., other reasons",2026M01,30
Cambodia,"Study etc., interns",2026M01,1
Sri Lanka,"Study etc., education",2026M01,1
Sri Lanka,"Study etc., au pair",2026M01,1
Sri Lanka,"Study etc., other reasons",2026M01,8
India,"Study etc., education",2026M01,25
India,"Study etc., interns",2026M01,25
India,"Study etc., other reasons",2026M01,15
Indonesia,"Study etc., education",2026M01,4
Indonesia,"Study etc., au pair",2026M01,1
Indonesia,"Study etc., interns",2026M01,4
Indonesia,"Study etc., other reasons",2026M01,2
Iraq,"Study etc., other reasons",2026M01,5
Iran,"Study etc., education",2026M01,7
Iran,"Study etc., interns",2026M01,1
Iran,"Study etc., other reasons",2026M01,48
Israel,"Study etc., education",2026M01,3
Israel,"Study etc., interns",2026M01,2
Japan,"Study etc., education",2026M01,21
Japan,"Study etc., interns",2026M01,1
Japan,"Study etc., other reasons",2026M01,25
Jordan,"Study etc., education",2026M01,1
China,"Study etc., education",2026M01,36
China,"Study etc., interns",2026M01,4
China,"Study etc., other reasons",2026M01,3
Lebanon,"Study etc., education",2026M01,1
Lebanon,"Study etc., interns",2026M01,1
Malaysia,"Study etc., education",2026M01,1
Nepal,"Study etc., education",2026M01,8
Nepal,"Study etc., interns",2026M01,7
Nepal,"Study etc., other reasons",2026M01,5
Vietnam,"Study etc., education",2026M01,3
Vietnam,"Study etc., interns",2026M01,58
Pakistan,"Study etc., education",2026M01,8
Pakistan,"Study etc., other reasons",2026M01,24
Philippines,"Study etc., education",2026M01,1
Philippines,"Study etc., au pair",2026M01,43
Philippines,"Study etc., interns",2026M01,16
Philippines,"Study etc., other reasons",2026M01,2
Singapore,"Study etc., education",2026M01,11
Singapore,"Study etc., interns",2026M01,2
Singapore,"Study etc., other reasons",2026M01,3
South Korea,"Study etc., education",2026M01,15
South Korea,"Study etc., interns",2026M01,2
South Korea,"Study etc., other reasons",2026M01,5
Syria,"Study etc., other reasons",2026M01,1
Thailand,"Study etc., education",2026M01,2
Thailand,"Study etc., au pair",2026M01,2
Thailand,"Study etc., other reasons",2026M01,1
Australia,"Study etc., education",2026M01,38
Australia,"Study etc., other reasons",2026M01,19
New Zealand,"Study etc., education",2026M01,2
New Zealand,"Study etc., other reasons",2026M01,2
Russia,"Study etc., education",2026M01,2
Russia,"Study etc., interns",2026M01,2
Ukraine,"Study etc., education",2026M01,10
Ukraine,"Study etc., other reasons",2026M01,3
Uzbekistan,"Study etc., interns",2026M01,3
Kazakhstan,"Study etc., education",2026M01,2
Kyrgyzstan,"Study etc., education",2026M01,1
Kyrgyzstan,"Study etc., interns",2026M01,1
Tajikistan,"Study etc., education",2026M01,4
Georgia,"Study etc., education",2026M01,2
Slovenia,"Study etc., other reasons",2026M01,1
Serbia,"Study etc., education",2026M01,1
Albania,"Study etc., education",2024M12,1
Belgium,"Study etc., other reasons",2024M12,1
United Kingdom,"Study etc., education",2024M12,12
Turkey,"Study etc., education",2024M12,24
Turkey,"Study etc., interns",2024M12,2
Turkey,"Study etc., other reasons",2024M12,3
Ethiopia,"Study etc., education",2024M12,1
Ghana,"Study etc., education",2024M12,3
Ghana,"Study etc., interns",2024M12,2
Kenya,"Study etc., education",2024M12,2
Kenya,"Study etc., au pair",2024M12,4
Kenya,"Study etc., interns",2024M12,10
Nigeria,"Study etc., education",2024M12,2
South Africa,"Study etc., education",2024M12,1
South Africa,"Study etc., au pair",2024M12,2
South Africa,"Study etc., interns",2024M12,2
Tanzania,"Study etc., interns",2024M12,11
Uganda,"Study etc., interns",2024M12,29
Egypt,"Study etc., education",2024M12,4
Egypt,"Study etc., other reasons",2024M12,1
Cameroon,"Study etc., other reasons",2024M12,6
Benin,"Study etc., education",2024M12,1
Argentina,"Study etc., education",2024M12,1
Bolivia,"Study etc., education",2024M12,1
Brazil,"Study etc., education",2024M12,1
Brazil,"Study etc., interns",2024M12,4
Canada,"Study etc., education",2024M12,49
Canada,"Study etc., other reasons",2024M12,1
Chile,"Study etc., education",2024M12,3
Chile,"Study etc., other reasons",2024M12,1
Colombia,"Study etc., education",2024M12,8
Colombia,"Study etc., other reasons",2024M12,1
Ecuador,"Study etc., education",2024M12,2
Ecuador,"Study etc., other reasons",2024M12,1
Mexico,"Study etc., education",2024M12,28
Mexico,"Study etc., interns",2024M12,2
Peru,"Study etc., education",2024M12,2
Peru,"Study etc., interns",2024M12,1
USA,"Study etc., education",2024M12,92
USA,"Study etc., au pair",2024M12,1
USA,"Study etc., interns",2024M12,1
USA,"Study etc., other reasons",2024M12,6
Afghanistan,"Study etc., other reasons",2024M12,2
Bangladesh,"Study etc., education",2024M12,146
Bangladesh,"Study etc., interns",2024M12,2
Bangladesh,"Study etc., other reasons",2024M12,93
Myanmar,"Study etc., education",2024M12,1
Cambodia,"Study etc., interns",2024M12,3
Sri Lanka,"Study etc., education",2024M12,1
Sri Lanka,"Study etc., other reasons",2024M12,47
India,"Study etc., education",2024M12,31
India,"Study etc., interns",2024M12,12
India,"Study etc., other reasons",2024M12,17
Indonesia,"Study etc., education",2024M12,14
Indonesia,"Study etc., other reasons",2024M12,4
Iraq,"Study etc., other reasons",2024M12,2
Iran,"Study etc., education",2024M12,9
Iran,"Study etc., other reasons",2024M12,106
Japan,"Study etc., education",2024M12,16
Japan,"Study etc., other reasons",2024M12,4
Jordan,"Study etc., education",2024M12,2
China,"Study etc., education",2024M12,96
China,"Study etc., other reasons",2024M12,1
Malaysia,"Study etc., education",2024M12,10
Oman,"Study etc., education",2024M12,1
Nepal,"Study etc., education",2024M12,208
Nepal,"Study etc., au pair",2024M12,1
Nepal,"Study etc., interns",2024M12,3
Nepal,"Study etc., other reasons",2024M12,216
Vietnam,"Study etc., education",2024M12,4
Vietnam,"Study etc., interns",2024M12,30
Pakistan,"Study etc., education",2024M12,10
Pakistan,"Study etc., other reasons",2024M12,119
Philippines,"Study etc., au pair",2024M12,47
Philippines,"Study etc., interns",2024M12,8
Philippines,"Study etc., other reasons",2024M12,2
Singapore,"Study etc., education",2024M12,20
South Korea,"Study etc., education",2024M12,6
South Korea,"Study etc., interns",2024M12,1
South Korea,"Study etc., other reasons",2024M12,4
Thailand,"Study etc., education",2024M12,8
Thailand,"Study etc., au pair",2024M12,4
Australia,"Study etc., education",2024M12,49
Australia,"Study etc., interns",2024M12,1
Australia,"Study etc., other reasons",2024M12,9
New Zealand,"Study etc., education",2024M12,9
Russia,"Study etc., education",2024M12,2
Russia,"Study etc., au pair",2024M12,1
Russia,"Study etc., other reasons",2024M12,3
Ukraine,"Study etc., education",2024M12,5
Armenia,"Study etc., education",2024M12,1
Azerbaijan,"Study etc., education",2024M12,3
Uzbekistan,"Study etc., education",2024M12,1
Uzbekistan,"Study etc., interns",2024M12,4
Kazakhstan,"Study etc., education",2024M12,3
Kyrgyzstan,"Study etc., interns",2024M12,1
Georgia,"Study etc., interns",2024M12,1
Slovenia,"Study etc., other reasons",2024M12,1
Bosnia and Herzegovina,"Study etc., education",2024M12,2
Stateless,"Study etc., education",2025M10,1
Albania,"Study etc., education",2025M10,1
United Kingdom,"Study etc., education",2025M10,6
United Kingdom,"Study etc., interns",2025M10,1
Turkey,"Study etc., education",2025M10,3
Turkey,"Study etc., interns",2025M10,1
Turkey,"Study etc., other reasons",2025M10,15
Algeria,"Study etc., education",2025M10,1
Ethiopia,"Study etc., education",2025M10,1
"Gambia, The","Study etc., other reasons",2025M10,1
Ghana,"Study etc., education",2025M10,1
Kenya,"Study etc., education",2025M10,1
Kenya,"Study etc., interns",2025M10,9
Morocco,"Study etc., education",2025M10,3
Nigeria,"Study etc., education",2025M10,2
Nigeria,"Study etc., other reasons",2025M10,1
Namibia,"Study etc., au pair",2025M10,1
South Africa,"Study etc., interns",2025M10,3
Tanzania,"Study etc., interns",2025M10,15
Tunisia,"Study etc., education",2025M10,3
Uganda,"Study etc., interns",2025M10,46
Egypt,"Study etc., education",2025M10,1
Egypt,"Study etc., other reasons",2025M10,9
Cameroon,"Study etc., education",2025M10,1
Cameroon,"Study etc., other reasons",2025M10,15
Benin,"Study etc., education",2025M10,2
Rwanda,"Study etc., education",2025M10,1
Argentina,"Study etc., education",2025M10,6
Argentina,"Study etc., other reasons",2025M10,53
Brazil,"Study etc., education",2025M10,13
Brazil,"Study etc., interns",2025M10,6
Brazil,"Study etc., other reasons",2025M10,4
Guyana,"Study etc., education",2025M10,1
Canada,"Study etc., education",2025M10,17
Canada,"Study etc., other reasons",2025M10,6
Chile,"Study etc., education",2025M10,6
Chile,"Study etc., other reasons",2025M10,19
Colombia,"Study etc., education",2025M10,2
Costa Rica,"Study etc., education",2025M10,1
Ecuador,"Study etc., education",2025M10,1
Switzerland,"Study etc., other reasons",2024M01,1
Spain,"Study etc., education",2024M01,1
United Kingdom,"Study etc., education",2024M01,16
United Kingdom,"Study etc., interns",2024M01,2
United Kingdom,"Study etc., other reasons",2024M01,1
Turkey,"Study etc., education",2024M01,23
Turkey,"Study etc., interns",2024M01,1
Turkey,"Study etc., other reasons",2024M01,4
Germany,"Study etc., other reasons",2024M01,3
Ethiopia,"Study etc., education",2024M01,3
Ghana,"Study etc., education",2024M01,4
Ghana,"Study etc., interns",2024M01,5
Kenya,"Study etc., education",2024M01,2
Kenya,"Study etc., au pair",2024M01,3
Kenya,"Study etc., interns",2024M01,4
Morocco,"Study etc., education",2024M01,3
Nigeria,"Study etc., education",2024M01,2
Nigeria,"Study etc., other reasons",2024M01,1
Namibia,"Study etc., au pair",2024M01,1
South Africa,"Study etc., interns",2024M01,9
Tanzania,"Study etc., au pair",2024M01,1
Tanzania,"Study etc., interns",2024M01,7
Uganda,"Study etc., education",2024M01,1
Uganda,"Study etc., au pair",2024M01,2
Uganda,"Study etc., interns",2024M01,28
Egypt,"Study etc., education",2024M01,1
Cameroon,"Study etc., education",2024M01,1
Cameroon,"Study etc., other reasons",2024M01,1
"Congo, Democratic Republic","Study etc., other reasons",2024M01,4
Zambia,"Study etc., education",2024M01,1
Zambia,"Study etc., other reasons",2024M01,1
Malawi,"Study etc., au pair",2024M01,1
Argentina,"Study etc., education",2024M01,2
Argentina,"Study etc., interns",2024M01,1
Brazil,"Study etc., education",2024M01,4
Brazil,"Study etc., au pair",2024M01,1
Brazil,"Study etc., interns",2024M01,7
Brazil,"Study etc., other reasons",2024M01,3
Canada,"Study etc., education",2024M01,39
Canada,"Study etc., interns",2024M01,2
Canada,"Study etc., other reasons",2024M01,1
Chile,"Study etc., education",2024M01,4
Chile,"Study etc., interns",2024M01,1
Chile,"Study etc., other reasons",2024M01,2
Colombia,"Study etc., education",2024M01,2
Costa Rica,"Study etc., education",2024M01,1
Dominican Republic,"Study etc., au pair",2024M01,1
Ecuador,"Study etc., education",2024M01,1
Guatemala,"Study etc., education",2024M01,1
Honduras,"Study etc., education",2024M01,1
Mexico,"Study etc., education",2024M01,12
Mexico,"Study etc., interns",2024M01,1
Mexico,"Study etc., other reasons",2024M01,1
Paraguay,"Study etc., other reasons",2024M01,1
Peru,"Study etc., education",2024M01,2
Peru,"Study etc., interns",2024M01,1
Peru,"Study etc., other reasons",2024M01,1
Uruguay,"Study etc., education",2024M01,1
USA,"Study etc., education",2024M01,1109
USA,"Study etc., interns",2024M01,6
USA,"Study etc., other reasons",2024M01,13
Bangladesh,"Study etc., education",2024M01,153
Bangladesh,"Study etc., interns",2024M01,11
Bangladesh,"Study etc., other reasons",2024M01,46
Myanmar,"Study etc., education",2024M01,1
Myanmar,"Study etc., other reasons",2024M01,1
Sri Lanka,"Study etc., education",2024M01,2
Sri Lanka,"Study etc., other reasons",2024M01,25
Taiwan,"Study etc., education",2024M01,7
India,"Study etc., education",2024M01,35
India,"Study etc., interns",2024M01,18
India,"Study etc., other reasons",2024M01,17
Indonesia,"Study etc., education",2024M01,3
Indonesia,"Study etc., interns",2024M01,2
Indonesia,"Study etc., other reasons",2024M01,1
Iraq,"Study etc., education",2024M01,1
Iraq,"Study etc., other reasons",2024M01,6
Iran,"Study etc., education",2024M01,9
Iran,"Study etc., interns",2024M01,3
Iran,"Study etc., other reasons",2024M01,140
Israel,"Study etc., education",2024M01,2
Japan,"Study etc., education",2024M01,29
Japan,"Study etc., other reasons",2024M01,1
Jordan,"Study etc., education",2024M01,3
China,"Study etc., education",2024M01,62
China,"Study etc., interns",2024M01,10
China,"Study etc., other reasons",2024M01,2
Lebanon,"Study etc., education",2024M01,1
Lebanon,"Study etc., interns",2024M01,1
Malaysia,"Study etc., education",2024M01,3
Mongolia,"Study etc., education",2024M01,1
Nepal,"Study etc., education",2024M01,104
Nepal,"Study etc., interns",2024M01,2
Nepal,"Study etc., other reasons",2024M01,59
Vietnam,"Study etc., education",2024M01,4
Vietnam,"Study etc., interns",2024M01,66
Pakistan,"Study etc., education",2024M01,16
Pakistan,"Study etc., other reasons",2024M01,40
Philippines,"Study etc., education",2024M01,2
Philippines,"Study etc., au pair",2024M01,39
Philippines,"Study etc., interns",2024M01,4
Philippines,"Study etc., other reasons",2024M01,1
Singapore,"Study etc., education",2024M01,11
Singapore,"Study etc., interns",2024M01,2
South Korea,"Study etc., education",2024M01,20
Thailand,"Study etc., education",2024M01,9
Thailand,"Study etc., au pair",2024M01,2
Thailand,"Study etc., other reasons",2024M01,1
Australia,"Study etc., education",2024M01,50
Australia,"Study etc., au pair",2024M01,1
Australia,"Study etc., interns",2024M01,1
Australia,"Study etc., other reasons",2024M01,4
New Zealand,"Study etc., education",2024M01,5
New Zealand,"Study etc., interns",2024M01,2
Russia,"Study etc., education",2024M01,4
Russia,"Study etc., interns",2024M01,1
Russia,"Study etc., other reasons",2024M01,1
Ukraine,"Study etc., education",2024M01,7
Belarus,"Study etc., education",2024M01,1
Azerbaijan,"Study etc., education",2024M01,1
Uzbekistan,"Study etc., interns",2024M01,1
Kazakhstan,"Study etc., education",2024M01,3
Kyrgyzstan,"Study etc., interns",2024M01,1
Georgia,"Study etc., education",2024M01,2
Slovenia,"Study etc., other reasons",2024M01,1
Kosovo,"Study etc., interns",2024M01,2
Albania,"Study etc., other reasons",2024M05,1
United Kingdom,"Study etc., education",2024M05,12
United Kingdom,"Study etc., interns",2024M05,4
Turkey,"Study etc., education",2024M05,11
Turkey,"Study etc., interns",2024M05,5
Turkey,"Study etc., other reasons",2024M05,17
Germany,"Study etc., other reasons",2024M05,1
Ethiopia,"Study etc., education",2024M05,1
Ghana,"Study etc., education",2024M05,1
Ghana,"Study etc., interns",2024M05,9
Kenya,"Study etc., education",2024M05,6
Kenya,"Study etc., au pair",2024M05,1
Kenya,"Study etc., interns",2024M05,6
Kenya,"Study etc., other reasons",2024M05,1
Liberia,"Study etc., education",2024M05,1
Nigeria,"Study etc., education",2024M05,3
Nigeria,"Study etc., other reasons",2024M05,3
South Africa,"Study etc., education",2024M05,2
South Africa,"Study etc., interns",2024M05,3
Tanzania,"Study etc., interns",2024M05,19
Uganda,"Study etc., education",2024M05,1
Uganda,"Study etc., interns",2024M05,52
Egypt,"Study etc., education",2024M05,1
Cameroon,"Study etc., au pair",2024M05,1
Cameroon,"Study etc., other reasons",2024M05,1
"Congo, Democratic Republic","Study etc., other reasons",2024M05,1
Rwanda,"Study etc., education",2024M05,1
Zimbabwe,"Study etc., au pair",2024M05,1
Zambia,"Study etc., education",2024M05,1
Argentina,"Study etc., education",2024M05,2
Argentina,"Study etc., other reasons",2024M05,2
Brazil,"Study etc., education",2024M05,4
Brazil,"Study etc., au pair",2024M05,1
Brazil,"Study etc., interns",2024M05,4
Canada,"Study etc., education",2024M05,11
Canada,"Study etc., interns",2024M05,2
Canada,"Study etc., other reasons",2024M05,8
Chile,"Study etc., education",2024M05,2
Chile,"Study etc., other reasons",2024M05,14
Colombia,"Study etc., education",2024M05,5
Ecuador,"Study etc., education",2024M05,2
Guatemala,"Study etc., interns",2024M05,1
Mexico,"Study etc., education",2024M05,17
Mexico,"Study etc., au pair",2024M05,2
Mexico,"Study etc., interns",2024M05,2
Panama,"Study etc., education",2024M05,1
Peru,"Study etc., education",2024M05,3
Peru,"Study etc., interns",2024M05,1
Uruguay,"Study etc., education",2024M05,2
USA,"Study etc., education",2024M05,19
USA,"Study etc., au pair",2024M05,1
USA,"Study etc., interns",2024M05,30
USA,"Study etc., other reasons",2024M05,10
Afghanistan,"Study etc., other reasons",2024M05,4
Bangladesh,"Study etc., education",2024M05,74
Bangladesh,"Study etc., interns",2024M05,5
Bangladesh,"Study etc., other reasons",2024M05,56
Cambodia,"Study etc., interns",2024M05,2
Sri Lanka,"Study etc., education",2024M05,1
Sri Lanka,"Study etc., other reasons",2024M05,52
Taiwan,"Study etc., education",2024M05,2
India,"Study etc., education",2024M05,44
India,"Study etc., interns",2024M05,17
India,"Study etc., other reasons",2024M05,11
Indonesia,"Study etc., education",2024M05,8
Indonesia,"Study etc., au pair",2024M05,1
Iraq,"Study etc., other reasons",2024M05,4
Iran,"Study etc., education",2024M05,9
Iran,"Study etc., interns",2024M05,4
Iran,"Study etc., other reasons",2024M05,279
Israel,"Study etc., education",2024M05,1
Japan,"Study etc., education",2024M05,38
Japan,"Study etc., other reasons",2024M05,32
China,"Study etc., education",2024M05,114
China,"Study etc., interns",2024M05,1
China,"Study etc., other reasons",2024M05,6
Lebanon,"Study etc., education",2024M05,1
Malaysia,"Study etc., education",2024M05,3
Malaysia,"Study etc., other reasons",2024M05,1
Nepal,"Study etc., education",2024M05,14
Nepal,"Study etc., interns",2024M05,13
Nepal,"Study etc., other reasons",2024M05,62
Vietnam,"Study etc., education",2024M05,6
Vietnam,"Study etc., interns",2024M05,63
Vietnam,"Study etc., other reasons",2024M05,1
Pakistan,"Study etc., education",2024M05,13
Pakistan,"Study etc., interns",2024M05,1
Pakistan,"Study etc., other reasons",2024M05,32
Philippines,"Study etc., education",2024M05,5
Philippines,"Study etc., au pair",2024M05,26
Philippines,"Study etc., interns",2024M05,3
Philippines,"Study etc., other reasons",2024M05,1
Singapore,"Study etc., education",2024M05,16
South Korea,"Study etc., education",2024M05,2
South Korea,"Study etc., interns",2024M05,2
South Korea,"Study etc., other reasons",2024M05,5
Thailand,"Study etc., education",2024M05,13
Thailand,"Study etc., au pair",2024M05,2
Thailand,"Study etc., interns",2024M05,2
Thailand,"Study etc., other reasons",2024M05,1
Australia,"Study etc., education",2024M05,20
Australia,"Study etc., other reasons",2024M05,19
New Zealand,"Study etc., education",2024M05,6
New Zealand,"Study etc., other reasons",2024M05,5
Russia,"Study etc., education",2024M05,1
Russia,"Study etc., au pair",2024M05,1
Russia,"Study etc., other reasons",2024M05,1
Ukraine,"Study etc., other reasons",2024M05,1
Belarus,"Study etc., education",2024M05,1
Armenia,"Study etc., education",2024M05,1
Uzbekistan,"Study etc., interns",2024M05,2
Uzbekistan,"Study etc., other reasons",2024M05,1
Kyrgyzstan,"Study etc., interns",2024M05,1
Serbia,"Study etc., education",2024M05,1
Stateless,"Study etc., education",2025M07,1
France,"Study etc., other reasons",2025M07,1
Italy,"Study etc., education",2025M07,1
United Kingdom,"Study etc., education",2025M07,29
United Kingdom,"Study etc., interns",2025M07,3
Turkey,"Study etc., education",2025M07,33
Turkey,"Study etc., interns",2025M07,7
Turkey,"Study etc., other reasons",2025M07,4
Algeria,"Study etc., education",2025M07,2
Ethiopia,"Study etc., education",2025M07,5
Ethiopia,"Study etc., interns",2025M07,1
Ghana,"Study etc., education",2025M07,7
Ghana,"Study etc., au pair",2025M07,1
Ghana,"Study etc., interns",2025M07,3
Kenya,"Study etc., education",2025M07,4
Kenya,"Study etc., au pair",2025M07,2
Kenya,"Study etc., interns",2025M07,20
Madagascar,"Study etc., au pair",2025M07,1
Morocco,"Study etc., interns",2025M07,2
Nigeria,"Study etc., education",2025M07,9
Nigeria,"Study etc., other reasons",2025M07,6
Sudan,"Study etc., education",2025M07,2
South Africa,"Study etc., education",2025M07,11
South Africa,"Study etc., interns",2025M07,5
Tanzania,"Study etc., education",2025M07,2
Tanzania,"Study etc., interns",2025M07,17
Tunisia,"Study etc., education",2025M07,1
Uganda,"Study etc., education",2025M07,1
Uganda,"Study etc., interns",2025M07,53
Egypt,"Study etc., education",2025M07,4
Cameroon,"Study etc., education",2025M07,37
Cameroon,"Study etc., other reasons",2025M07,6
"Congo, Democratic Republic","Study etc., other reasons",2025M07,5
Benin,"Study etc., interns",2025M07,1
Ivory Coast,"Study etc., education",2025M07,1
Zimbabwe,"Study etc., education",2025M07,1
Argentina,"Study etc., education",2025M07,4
Argentina,"Study etc., other reasons",2025M07,1
Brazil,"Study etc., education",2025M07,11
Brazil,"Study etc., au pair",2025M07,1
Brazil,"Study etc., interns",2025M07,5
Brazil,"Study etc., other reasons",2025M07,2
Guyana,"Study etc., education",2025M07,1
Canada,"Study etc., education",2025M07,47
Canada,"Study etc., other reasons",2025M07,10
Chile,"Study etc., education",2025M07,4
Chile,"Study etc., other reasons",2025M07,2
Colombia,"Study etc., education",2025M07,8
Cuba,"Study etc., education",2025M07,1
Dominican Republic,"Study etc., education",2025M07,1
Ecuador,"Study etc., education",2025M07,3
Guatemala,"Study etc., education",2025M07,1
Mexico,"Study etc., education",2025M07,44
Mexico,"Study etc., au pair",2025M07,1
Mexico,"Study etc., interns",2025M07,6
Mexico,"Study etc., other reasons",2025M07,1
Peru,"Study etc., education",2025M07,1
Uruguay,"Study etc., other reasons",2025M07,1
USA,"Study etc., education",2025M07,103
USA,"Study etc., interns",2025M07,8
USA,"Study etc., other reasons",2025M07,9
Venezuela,"Study etc., education",2025M07,1
Afghanistan,"Study etc., education",2025M07,3
Afghanistan,"Study etc., other reasons",2025M07,6
Bangladesh,"Study etc., education",2025M07,237
Bangladesh,"Study etc., interns",2025M07,7
Bangladesh,"Study etc., other reasons",2025M07,46
Myanmar,"Study etc., education",2025M07,3
Cambodia,"Study etc., education",2025M07,1
Cambodia,"Study etc., interns",2025M07,2
Sri Lanka,"Study etc., education",2025M07,3
Sri Lanka,"Study etc., other reasons",2025M07,83
Taiwan,"Study etc., interns",2025M07,1
India,"Study etc., education",2025M07,124
India,"Study etc., interns",2025M07,27
India,"Study etc., other reasons",2025M07,10
Indonesia,"Study etc., education",2025M07,23
Indonesia,"Study etc., interns",2025M07,1
Indonesia,"Study etc., other reasons",2025M07,5
Iran,"Study etc., education",2025M07,9
Iran,"Study etc., interns",2025M07,1
Iran,"Study etc., other reasons",2025M07,22
Israel,"Study etc., education",2025M07,2
Japan,"Study etc., education",2025M07,50
Japan,"Study etc., interns",2025M07,1
Japan,"Study etc., other reasons",2025M07,51
Jordan,"Study etc., education",2025M07,4
China,"Study etc., education",2025M07,286
China,"Study etc., interns",2025M07,10
China,"Study etc., other reasons",2025M07,4
Laos,"Study etc., education",2025M07,1
Lebanon,"Study etc., education",2025M07,4
Malaysia,"Study etc., education",2025M07,4
Malaysia,"Study etc., interns",2025M07,1
Nepal,"Study etc., education",2025M07,120
Nepal,"Study etc., interns",2025M07,6
Nepal,"Study etc., other reasons",2025M07,70
Vietnam,"Study etc., education",2025M07,10
Vietnam,"Study etc., interns",2025M07,46
Pakistan,"Study etc., education",2025M07,41
Pakistan,"Study etc., interns",2025M07,1
Pakistan,"Study etc., other reasons",2025M07,132
Philippines,"Study etc., education",2025M07,8
Philippines,"Study etc., au pair",2025M07,46
Philippines,"Study etc., interns",2025M07,26
Philippines,"Study etc., other reasons",2025M07,1
Saudi Arabia,"Study etc., interns",2025M07,2
Singapore,"Study etc., education",2025M07,36
South Korea,"Study etc., education",2025M07,4
South Korea,"Study etc., interns",2025M07,2
South Korea,"Study etc., other reasons",2025M07,4
Thailand,"Study etc., education",2025M07,20
Thailand,"Study etc., au pair",2025M07,1
Thailand,"Study etc., interns",2025M07,5
Australia,"Study etc., education",2025M07,85
Australia,"Study etc., interns",2025M07,1
Australia,"Study etc., other reasons",2025M07,42
New Zealand,"Study etc., education",2025M07,9
New Zealand,"Study etc., other reasons",2025M07,6
Russia,"Study etc., education",2025M07,6
Russia,"Study etc., interns",2025M07,1
Ukraine,"Study etc., education",2025M07,6
Ukraine,"Study etc., interns",2025M07,1
Belarus,"Study etc., education",2025M07,1
Azerbaijan,"Study etc., education",2025M07,1
Uzbekistan,"Study etc., education",2025M07,3
Uzbekistan,"Study etc., interns",2025M07,5
Kazakhstan,"Study etc., education",2025M07,13
Kyrgyzstan,"Study etc., education",2025M07,1
Kyrgyzstan,"Study etc., interns",2025M07,3
Georgia,"Study etc., education",2025M07,1
Slovenia,"Study etc., other reasons",2025M07,1
Bosnia and Herzegovina,"Study etc., education",2025M07,1
Bosnia and Herzegovina,"Study etc., interns",2025M07,1
Ireland,"Study etc., education",2024M09,1
United Kingdom,"Study etc., education",2024M09,31
United Kingdom,"Study etc., interns",2024M09,3
United Kingdom,"Study etc., other reasons",2024M09,1
Turkey,"Study etc., education",2024M09,5
Turkey,"Study etc., interns",2024M09,4
Turkey,"Study etc., other reasons",2024M09,10
Germany,"Study etc., other reasons",2024M09,2
Ghana,"Study etc., education",2024M09,1
Ghana,"Study etc., interns",2024M09,1
Kenya,"Study etc., interns",2024M09,5
Morocco,"Study etc., education",2024M09,2
Nigeria,"Study etc., education",2024M09,3
Nigeria,"Study etc., other reasons",2024M09,6
South Africa,"Study etc., education",2024M09,1
South Africa,"Study etc., interns",2024M09,3
Tanzania,"Study etc., education",2024M09,2
Tanzania,"Study etc., interns",2024M09,24
Uganda,"Study etc., education",2024M09,1
Uganda,"Study etc., interns",2024M09,43
Egypt,"Study etc., education",2024M09,4
Egypt,"Study etc., interns",2024M09,2
Cameroon,"Study etc., education",2024M09,12
Cameroon,"Study etc., other reasons",2024M09,5
"Congo, Democratic Republic","Study etc., other reasons",2024M09,3
Zimbabwe,"Study etc., education",2024M09,1
Zimbabwe,"Study etc., interns",2024M09,1
Argentina,"Study etc., education",2024M09,4
Brazil,"Study etc., education",2024M09,17
Brazil,"Study etc., interns",2024M09,7
Brazil,"Study etc., other reasons",2024M09,3
Canada,"Study etc., education",2024M09,26
Canada,"Study etc., other reasons",2024M09,6
Chile,"Study etc., education",2024M09,4
Colombia,"Study etc., education",2024M09,6
Colombia,"Study etc., interns",2024M09,3
Costa Rica,"Study etc., education",2024M09,2
Ecuador,"Study etc., education",2024M09,1
Mexico,"Study etc., education",2024M09,11
Mexico,"Study etc., au pair",2024M09,1
Mexico,"Study etc., interns",2024M09,1
Peru,"Study etc., interns",2024M09,1
USA,"Study etc., education",2024M09,1546
USA,"Study etc., interns",2024M09,6
USA,"Study etc., other reasons",2024M09,14
Venezuela,"Study etc., education",2024M09,1
Afghanistan,"Study etc., other reasons",2024M09,8
Bangladesh,"Study etc., education",2024M09,153
Bangladesh,"Study etc., interns",2024M09,6
Bangladesh,"Study etc., other reasons",2024M09,118
Sri Lanka,"Study etc., education",2024M09,2
Sri Lanka,"Study etc., other reasons",2024M09,67
India,"Study etc., education",2024M09,30
India,"Study etc., interns",2024M09,20
India,"Study etc., other reasons",2024M09,19
Indonesia,"Study etc., interns",2024M09,1
Iraq,"Study etc., other reasons",2024M09,2
Iran,"Study etc., education",2024M09,9
Iran,"Study etc., interns",2024M09,4
Iran,"Study etc., other reasons",2024M09,128
Israel,"Study etc., education",2024M09,1
Israel,"Study etc., other reasons",2024M09,1
Japan,"Study etc., education",2024M09,20
Japan,"Study etc., other reasons",2024M09,18
Jordan,"Study etc., education",2024M09,1
China,"Study etc., education",2024M09,43
China,"Study etc., interns",2024M09,3
China,"Study etc., other reasons",2024M09,4
Lebanon,"Study etc., education",2024M09,2
Lebanon,"Study etc., other reasons",2024M09,5
Malaysia,"Study etc., education",2024M09,2
Nepal,"Study etc., education",2024M09,81
Nepal,"Study etc., interns",2024M09,7
Nepal,"Study etc., other reasons",2024M09,197
Vietnam,"Study etc., education",2024M09,5
Vietnam,"Study etc., interns",2024M09,55
Pakistan,"Study etc., education",2024M09,12
Pakistan,"Study etc., interns",2024M09,2
Pakistan,"Study etc., other reasons",2024M09,81
Philippines,"Study etc., education",2024M09,2
Philippines,"Study etc., au pair",2024M09,28
Philippines,"Study etc., interns",2024M09,13
Philippines,"Study etc., other reasons",2024M09,2
Singapore,"Study etc., education",2024M09,1
Singapore,"Study etc., interns",2024M09,2
South Korea,"Study etc., education",2024M09,21
South Korea,"Study etc., other reasons",2024M09,7
Thailand,"Study etc., education",2024M09,2
Thailand,"Study etc., interns",2024M09,4
Thailand,"Study etc., other reasons",2024M09,1
Australia,"Study etc., education",2024M09,17
Australia,"Study etc., other reasons",2024M09,17
New Zealand,"Study etc., education",2024M09,5
New Zealand,"Study etc., other reasons",2024M09,3
Russia,"Study etc., education",2024M09,7
Ukraine,"Study etc., education",2024M09,10
Ukraine,"Study etc., other reasons",2024M09,1
Azerbaijan,"Study etc., education",2024M09,1
Azerbaijan,"Study etc., interns",2024M09,1
Azerbaijan,"Study etc., other reasons",2024M09,2
Uzbekistan,"Study etc., interns",2024M09,4
Georgia,"Study etc., education",2024M09,5
Republic of North Macedonia,"Study etc., education",2024M09,1
Serbia,"Study etc., education",2024M09,1
Honduras,"Study etc., other reasons",2025M10,1
Jamaica,"Study etc., education",2025M10,1
Mexico,"Study etc., education",2025M10,5
Mexico,"Study etc., au pair",2025M10,1
Mexico,"Study etc., interns",2025M10,1
Mexico,"Study etc., other reasons",2025M10,1
Peru,"Study etc., education",2025M10,1
El Salvador,"Study etc., education",2025M10,1
Uruguay,"Study etc., education",2025M10,1
USA,"Study etc., education",2025M10,31
USA,"Study etc., interns",2025M10,2
USA,"Study etc., other reasons",2025M10,27
Afghanistan,"Study etc., interns",2025M10,1
Afghanistan,"Study etc., other reasons",2025M10,39
Bangladesh,"Study etc., education",2025M10,2
Bangladesh,"Study etc., other reasons",2025M10,57
Cambodia,"Study etc., interns",2025M10,1
Sri Lanka,"Study etc., education",2025M10,1
Sri Lanka,"Study etc., interns",2025M10,5
Sri Lanka,"Study etc., other reasons",2025M10,47
India,"Study etc., education",2025M10,18
India,"Study etc., interns",2025M10,6
India,"Study etc., other reasons",2025M10,37
Indonesia,"Study etc., education",2025M10,6
Indonesia,"Study etc., other reasons",2025M10,1
Iran,"Study etc., education",2025M10,12
Iran,"Study etc., interns",2025M10,1
Iran,"Study etc., other reasons",2025M10,76
Japan,"Study etc., education",2025M10,45
Japan,"Study etc., other reasons",2025M10,13
China,"Study etc., education",2025M10,61
China,"Study etc., interns",2025M10,3
China,"Study etc., other reasons",2025M10,3
Nepal,"Study etc., education",2025M10,6
Nepal,"Study etc., interns",2025M10,4
Nepal,"Study etc., other reasons",2025M10,30
Vietnam,"Study etc., education",2025M10,5
Vietnam,"Study etc., interns",2025M10,31
Pakistan,"Study etc., education",2025M10,6
Pakistan,"Study etc., other reasons",2025M10,99
Philippines,"Study etc., education",2025M10,1
Philippines,"Study etc., au pair",2025M10,31
Philippines,"Study etc., interns",2025M10,12
Saudi Arabia,"Study etc., other reasons",2025M10,1
Singapore,"Study etc., education",2025M10,5
South Korea,"Study etc., education",2025M10,7
South Korea,"Study etc., other reasons",2025M10,2
Syria,"Study etc., other reasons",2025M10,1
Thailand,"Study etc., education",2025M10,5
Thailand,"Study etc., au pair",2025M10,2
Thailand,"Study etc., interns",2025M10,4
Australia,"Study etc., education",2025M10,24
Australia,"Study etc., other reasons",2025M10,19
New Zealand,"Study etc., education",2025M10,1
New Zealand,"Study etc., interns",2025M10,1
Russia,"Study etc., education",2025M10,5
Ukraine,"Study etc., education",2025M10,2
Ukraine,"Study etc., other reasons",2025M10,2
Belarus,"Study etc., au pair",2025M10,1
Uzbekistan,"Study etc., interns",2025M10,3
Turkmenistan,"Study etc., education",2025M10,1
Georgia,"Study etc., other reasons",2025M10,1
Slovenia,"Study etc., other reasons",2025M10,1
Serbia,"Study etc., education",2025M10,1
San Marino,"Study etc., education",2025M04,1
United Kingdom,"Study etc., education",2025M04,3
Turkey,"Study etc., education",2025M04,3
Turkey,"Study etc., interns",2025M04,1
Turkey,"Study etc., other reasons",2025M04,5
Germany,"Study etc., other reasons",2025M04,1
Algeria,"Study etc., education",2025M04,2
Ethiopia,"Study etc., education",2025M04,1
Ghana,"Study etc., education",2025M04,4
Ghana,"Study etc., interns",2025M04,1
Kenya,"Study etc., education",2025M04,2
Kenya,"Study etc., au pair",2025M04,1
Kenya,"Study etc., interns",2025M04,17
Kenya,"Study etc., other reasons",2025M04,1
Mali,"Study etc., education",2025M04,1
Nigeria,"Study etc., education",2025M04,2
South Africa,"Study etc., interns",2025M04,2
Tanzania,"Study etc., interns",2025M04,10
Uganda,"Study etc., education",2025M04,3
Uganda,"Study etc., interns",2025M04,32
Egypt,"Study etc., other reasons",2025M04,1
Cameroon,"Study etc., education",2025M04,1
Cameroon,"Study etc., other reasons",2025M04,4
"Congo, Democratic Republic","Study etc., other reasons",2025M04,9
Burkina Faso,"Study etc., education",2025M04,2
Argentina,"Study etc., interns",2025M04,1
Argentina,"Study etc., other reasons",2025M04,64
Brazil,"Study etc., education",2025M04,5
Brazil,"Study etc., interns",2025M04,3
Brazil,"Study etc., other reasons",2025M04,1
Canada,"Study etc., education",2025M04,2
Canada,"Study etc., other reasons",2025M04,2
Chile,"Study etc., education",2025M04,1
Chile,"Study etc., other reasons",2025M04,62
Colombia,"Study etc., education",2025M04,3
Costa Rica,"Study etc., education",2025M04,1
Ecuador,"Study etc., education",2025M04,1
Mexico,"Study etc., education",2025M04,8
Mexico,"Study etc., interns",2025M04,3
Mexico,"Study etc., other reasons",2025M04,1
Uruguay,"Study etc., education",2025M04,1
USA,"Study etc., education",2025M04,16
USA,"Study etc., au pair",2025M04,1
USA,"Study etc., interns",2025M04,7
USA,"Study etc., other reasons",2025M04,3
Venezuela,"Study etc., education",2025M04,1
Afghanistan,"Study etc., other reasons",2025M04,8
Bangladesh,"Study etc., education",2025M04,27
Bangladesh,"Study etc., interns",2025M04,7
Bangladesh,"Study etc., other reasons",2025M04,49
Myanmar,"Study etc., education",2025M04,1
Cambodia,"Study etc., interns",2025M04,1
Sri Lanka,"Study etc., education",2025M04,1
Sri Lanka,"Study etc., other reasons",2025M04,79
India,"Study etc., education",2025M04,11
India,"Study etc., interns",2025M04,10
India,"Study etc., other reasons",2025M04,9
Indonesia,"Study etc., education",2025M04,2
Iraq,"Study etc., other reasons",2025M04,3
Iran,"Study etc., education",2025M04,8
Iran,"Study etc., interns",2025M04,2
Iran,"Study etc., other reasons",2025M04,79
Israel,"Study etc., education",2025M04,2
Japan,"Study etc., education",2025M04,26
Japan,"Study etc., other reasons",2025M04,17
China,"Study etc., education",2025M04,17
China,"Study etc., interns",2025M04,3
China,"Study etc., other reasons",2025M04,2
Malaysia,"Study etc., education",2025M04,1
Malaysia,"Study etc., interns",2025M04,1
Nepal,"Study etc., education",2025M04,18
Nepal,"Study etc., interns",2025M04,6
Nepal,"Study etc., other reasons",2025M04,113
Vietnam,"Study etc., education",2025M04,2
Vietnam,"Study etc., interns",2025M04,31
Pakistan,"Study etc., education",2025M04,6
Pakistan,"Study etc., other reasons",2025M04,136
Philippines,"Study etc., education",2025M04,2
Philippines,"Study etc., au pair",2025M04,20
Philippines,"Study etc., interns",2025M04,8
Philippines,"Study etc., other reasons",2025M04,1
Singapore,"Study etc., education",2025M04,10
South Korea,"Study etc., education",2025M04,1
South Korea,"Study etc., other reasons",2025M04,12
Thailand,"Study etc., education",2025M04,1
Thailand,"Study etc., au pair",2025M04,2
Thailand,"Study etc., other reasons",2025M04,1
Australia,"Study etc., education",2025M04,6
Australia,"Study etc., other reasons",2025M04,23
New Zealand,"Study etc., other reasons",2025M04,1
Russia,"Study etc., education",2025M04,1
Ukraine,"Study etc., education",2025M04,3
Azerbaijan,"Study etc., education",2025M04,1
Uzbekistan,"Study etc., interns",2025M04,3
Republic of North Macedonia,"Study etc., education",2025M04,2
Sri Lanka,"Study etc., education",2024M07,3
Sri Lanka,"Study etc., other reasons",2024M07,21
Taiwan,"Study etc., education",2024M07,1
India,"Study etc., education",2024M07,84
India,"Study etc., interns",2024M07,15
India,"Study etc., other reasons",2024M07,11
Indonesia,"Study etc., education",2024M07,13
Indonesia,"Study etc., other reasons",2024M07,5
Iraq,"Study etc., other reasons",2024M07,1
Iran,"Study etc., education",2024M07,21
Iran,"Study etc., interns",2024M07,2
Iran,"Study etc., other reasons",2024M07,84
Israel,"Study etc., education",2024M07,9
Japan,"Study etc., education",2024M07,81
Japan,"Study etc., other reasons",2024M07,3
Jordan,"Study etc., education",2024M07,1
China,"Study etc., education",2024M07,243
China,"Study etc., interns",2024M07,8
China,"Study etc., other reasons",2024M07,5
Lebanon,"Study etc., education",2024M07,1
Malaysia,"Study etc., education",2024M07,2
Nepal,"Study etc., education",2024M07,229
Nepal,"Study etc., interns",2024M07,9
Nepal,"Study etc., other reasons",2024M07,103
Vietnam,"Study etc., education",2024M07,11
Vietnam,"Study etc., interns",2024M07,35
Pakistan,"Study etc., education",2024M07,13
Pakistan,"Study etc., interns",2024M07,1
Pakistan,"Study etc., other reasons",2024M07,20
Philippines,"Study etc., education",2024M07,3
Philippines,"Study etc., au pair",2024M07,24
Philippines,"Study etc., interns",2024M07,4
Philippines,"Study etc., other reasons",2024M07,1
Singapore,"Study etc., education",2024M07,31
Singapore,"Study etc., interns",2024M07,1
South Korea,"Study etc., education",2024M07,10
South Korea,"Study etc., interns",2024M07,3
South Korea,"Study etc., other reasons",2024M07,2
Thailand,"Study etc., education",2024M07,12
Thailand,"Study etc., interns",2024M07,4
Australia,"Study etc., education",2024M07,76
Australia,"Study etc., interns",2024M07,2
Australia,"Study etc., other reasons",2024M07,7
New Zealand,"Study etc., education",2024M07,9
New Zealand,"Study etc., interns",2024M07,1
New Zealand,"Study etc., other reasons",2024M07,2
Russia,"Study etc., education",2024M07,9
Russia,"Study etc., interns",2024M07,1
Russia,"Study etc., other reasons",2024M07,2
Ukraine,"Study etc., education",2024M07,6
Ukraine,"Study etc., other reasons",2024M07,2
Belarus,"Study etc., education",2024M07,1
Azerbaijan,"Study etc., education",2024M07,4
Uzbekistan,"Study etc., interns",2024M07,7
Kazakhstan,"Study etc., education",2024M07,7
Kyrgyzstan,"Study etc., interns",2024M07,1
Georgia,"Study etc., education",2024M07,3
Slovenia,"Study etc., other reasons",2024M07,1
Bosnia and Herzegovina,"Study etc., education",2024M07,1
Republic of North Macedonia,"Study etc., education",2024M07,2
Serbia,"Study etc., education",2024M07,3
Serbia,"Study etc., other reasons",2024M07,1
Stateless,"Study etc., other reasons",2024M07,1
Albania,"Study etc., education",2024M07,2
United Kingdom,"Study etc., education",2024M07,28
United Kingdom,"Study etc., interns",2024M07,3
United Kingdom,"Study etc., other reasons",2024M07,1
Turkey,"Study etc., education",2024M07,15
Turkey,"Study etc., interns",2024M07,2
Turkey,"Study etc., other reasons",2024M07,2
Algeria,"Study etc., education",2024M07,1
Ethiopia,"Study etc., education",2024M07,1
Ghana,"Study etc., education",2024M07,4
Ghana,"Study etc., interns",2024M07,5
Guinea,"Study etc., education",2024M07,1
Kenya,"Study etc., education",2024M07,5
Kenya,"Study etc., interns",2024M07,4
Morocco,"Study etc., education",2024M07,6
Morocco,"Study etc., interns",2024M07,1
Morocco,"Study etc., other reasons",2024M07,1
Nigeria,"Study etc., education",2024M07,5
Nigeria,"Study etc., other reasons",2024M07,1
Namibia,"Study etc., au pair",2024M07,1
South Africa,"Study etc., education",2024M07,3
South Africa,"Study etc., interns",2024M07,1
Tanzania,"Study etc., education",2024M07,1
Tanzania,"Study etc., interns",2024M07,15
Uganda,"Study etc., education",2024M07,5
Uganda,"Study etc., interns",2024M07,44
Egypt,"Study etc., education",2024M07,2
Cameroon,"Study etc., education",2024M07,4
Cameroon,"Study etc., other reasons",2024M07,1
Rwanda,"Study etc., interns",2024M07,1
Argentina,"Study etc., education",2024M07,2
Argentina,"Study etc., other reasons",2024M07,1
Bolivia,"Study etc., other reasons",2024M07,1
Brazil,"Study etc., education",2024M07,15
Brazil,"Study etc., au pair",2024M07,2
Brazil,"Study etc., interns",2024M07,5
Brazil,"Study etc., other reasons",2024M07,3
Canada,"Study etc., education",2024M07,47
Canada,"Study etc., other reasons",2024M07,2
Chile,"Study etc., education",2024M07,7
Colombia,"Study etc., education",2024M07,10
Colombia,"Study etc., au pair",2024M07,1
Colombia,"Study etc., other reasons",2024M07,1
Dominican Republic,"Study etc., education",2024M07,1
Dominican Republic,"Study etc., interns",2024M07,1
Ecuador,"Study etc., education",2024M07,4
Ecuador,"Study etc., interns",2024M07,2
Guatemala,"Study etc., education",2024M07,2
Mexico,"Study etc., education",2024M07,59
Mexico,"Study etc., interns",2024M07,2
Mexico,"Study etc., other reasons",2024M07,2
Nicaragua,"Study etc., education",2024M07,1
USA,"Study etc., education",2024M07,130
USA,"Study etc., interns",2024M07,5
USA,"Study etc., other reasons",2024M07,8
Yemen,"Study etc., education",2024M07,1
Afghanistan,"Study etc., education",2024M07,1
Afghanistan,"Study etc., other reasons",2024M07,2
Bangladesh,"Study etc., education",2024M07,153
Bangladesh,"Study etc., interns",2024M07,7
Bangladesh,"Study etc., other reasons",2024M07,53
Myanmar,"Study etc., education",2024M07,1
Cambodia,"Study etc., interns",2024M07,1
Stateless,"Study etc., other reasons",2024M06,2
Albania,"Study etc., education",2024M06,1
France,"Study etc., other reasons",2024M06,1
Poland,"Study etc., other reasons",2024M06,1
Portugal,"Study etc., other reasons",2024M06,1
United Kingdom,"Study etc., education",2024M06,25
United Kingdom,"Study etc., interns",2024M06,7
Turkey,"Study etc., education",2024M06,18
Turkey,"Study etc., interns",2024M06,13
Turkey,"Study etc., other reasons",2024M06,8
Ethiopia,"Study etc., education",2024M06,3
Ghana,"Study etc., education",2024M06,8
Ghana,"Study etc., interns",2024M06,4
Ghana,"Study etc., other reasons",2024M06,4
Kenya,"Study etc., education",2024M06,10
Kenya,"Study etc., au pair",2024M06,3
Kenya,"Study etc., interns",2024M06,4
Morocco,"Study etc., education",2024M06,1
Morocco,"Study etc., other reasons",2024M06,1
Nigeria,"Study etc., education",2024M06,4
Sudan,"Study etc., education",2024M06,1
South Africa,"Study etc., education",2024M06,3
South Africa,"Study etc., interns",2024M06,4
Tanzania,"Study etc., interns",2024M06,19
Uganda,"Study etc., interns",2024M06,48
Egypt,"Study etc., education",2024M06,3
Egypt,"Study etc., interns",2024M06,1
Cameroon,"Study etc., education",2024M06,1
Cameroon,"Study etc., other reasons",2024M06,2
Malawi,"Study etc., education",2024M06,2
Argentina,"Study etc., education",2024M06,2
Argentina,"Study etc., other reasons",2024M06,2
Brazil,"Study etc., education",2024M06,14
Brazil,"Study etc., au pair",2024M06,4
Brazil,"Study etc., interns",2024M06,8
Brazil,"Study etc., other reasons",2024M06,3
Canada,"Study etc., education",2024M06,42
Canada,"Study etc., interns",2024M06,2
Canada,"Study etc., other reasons",2024M06,2
Chile,"Study etc., education",2024M06,4
Chile,"Study etc., other reasons",2024M06,1
Colombia,"Study etc., education",2024M06,11
Colombia,"Study etc., other reasons",2024M06,1
Dominican Republic,"Study etc., education",2024M06,3
Ecuador,"Study etc., au pair",2024M06,1
Haiti,"Study etc., education",2024M06,1
Mexico,"Study etc., education",2024M06,41
Mexico,"Study etc., au pair",2024M06,1
Mexico,"Study etc., interns",2024M06,7
United Kingdom,"Study etc., education",2024M10,14
United Kingdom,"Study etc., other reasons",2024M10,1
Turkey,"Study etc., education",2024M10,3
Turkey,"Study etc., interns",2024M10,2
Turkey,"Study etc., other reasons",2024M10,7
Algeria,"Study etc., education",2024M10,1
Algeria,"Study etc., interns",2024M10,1
Ethiopia,"Study etc., interns",2024M10,1
Ethiopia,"Study etc., other reasons",2024M10,3
Ghana,"Study etc., education",2024M10,1
Ghana,"Study etc., interns",2024M10,4
Kenya,"Study etc., education",2024M10,1
Kenya,"Study etc., au pair",2024M10,2
Kenya,"Study etc., interns",2024M10,12
Nigeria,"Study etc., other reasons",2024M10,4
South Africa,"Study etc., education",2024M10,1
South Africa,"Study etc., interns",2024M10,5
Tanzania,"Study etc., interns",2024M10,22
Tunisia,"Study etc., education",2024M10,1
Uganda,"Study etc., education",2024M10,1
Uganda,"Study etc., au pair",2024M10,1
Uganda,"Study etc., interns",2024M10,58
Egypt,"Study etc., other reasons",2024M10,1
Cameroon,"Study etc., education",2024M10,1
Cameroon,"Study etc., other reasons",2024M10,19
"Congo, Democratic Republic","Study etc., education",2024M10,1
Zimbabwe,"Study etc., au pair",2024M10,1
Argentina,"Study etc., education",2024M10,4
Argentina,"Study etc., au pair",2024M10,1
Argentina,"Study etc., other reasons",2024M10,59
Brazil,"Study etc., education",2024M10,9
Brazil,"Study etc., interns",2024M10,4
Brazil,"Study etc., other reasons",2024M10,2
Canada,"Study etc., education",2024M10,11
Canada,"Study etc., interns",2024M10,1
Canada,"Study etc., other reasons",2024M10,12
Chile,"Study etc., education",2024M10,1
Chile,"Study etc., other reasons",2024M10,71
Colombia,"Study etc., education",2024M10,2
Colombia,"Study etc., other reasons",2024M10,1
Costa Rica,"Study etc., education",2024M10,1
Costa Rica,"Study etc., other reasons",2024M10,1
Ecuador,"Study etc., education",2024M10,1
Mexico,"Study etc., education",2024M10,9
Mexico,"Study etc., other reasons",2024M10,1
USA,"Study etc., education",2024M10,37
USA,"Study etc., interns",2024M10,7
USA,"Study etc., other reasons",2024M10,22
Mexico,"Study etc., other reasons",2024M06,3
Peru,"Study etc., education",2024M06,1
El Salvador,"Study etc., education",2024M06,1
USA,"Study etc., education",2024M06,65
USA,"Study etc., interns",2024M06,11
USA,"Study etc., other reasons",2024M06,7
Venezuela,"Study etc., education",2024M06,1
Bangladesh,"Study etc., education",2024M06,169
Bangladesh,"Study etc., interns",2024M06,6
Bangladesh,"Study etc., other reasons",2024M06,97
Myanmar,"Study etc., education",2024M06,2
Sri Lanka,"Study etc., education",2024M06,3
Sri Lanka,"Study etc., other reasons",2024M06,43
Taiwan,"Study etc., education",2024M06,2
Taiwan,"Study etc., other reasons",2024M06,1
India,"Study etc., education",2024M06,62
India,"Study etc., interns",2024M06,12
India,"Study etc., other reasons",2024M06,8
Indonesia,"Study etc., education",2024M06,12
Indonesia,"Study etc., other reasons",2024M06,3
Iraq,"Study etc., other reasons",2024M06,3
Iran,"Study etc., education",2024M06,18
Iran,"Study etc., other reasons",2024M06,203
Israel,"Study etc., education",2024M06,2
Japan,"Study etc., education",2024M06,71
Japan,"Study etc., au pair",2024M06,1
Japan,"Study etc., other reasons",2024M06,11
Jordan,"Study etc., education",2024M06,1
China,"Study etc., education",2024M06,175
China,"Study etc., interns",2024M06,12
China,"Study etc., other reasons",2024M06,2
Lebanon,"Study etc., education",2024M06,1
Malaysia,"Study etc., education",2024M06,10
Malaysia,"Study etc., interns",2024M06,1
Mongolia,"Study etc., education",2024M06,2
Nepal,"Study etc., education",2024M06,187
Nepal,"Study etc., interns",2024M06,5
Nepal,"Study etc., other reasons",2024M06,139
Vietnam,"Study etc., education",2024M06,9
Vietnam,"Study etc., interns",2024M06,58
Vietnam,"Study etc., other reasons",2024M06,2
Pakistan,"Study etc., education",2024M06,17
Pakistan,"Study etc., interns",2024M06,1
Pakistan,"Study etc., other reasons",2024M06,75
Philippines,"Study etc., education",2024M06,3
Philippines,"Study etc., au pair",2024M06,48
Philippines,"Study etc., interns",2024M06,3
Philippines,"Study etc., other reasons",2024M06,1
Singapore,"Study etc., education",2024M06,41
South Korea,"Study etc., education",2024M06,6
South Korea,"Study etc., other reasons",2024M06,1
Syria,"Study etc., education",2024M06,2
Thailand,"Study etc., education",2024M06,11
Thailand,"Study etc., au pair",2024M06,2
Australia,"Study etc., education",2024M06,65
Australia,"Study etc., other reasons",2024M06,12
New Zealand,"Study etc., education",2024M06,14
New Zealand,"Study etc., other reasons",2024M06,1
Russia,"Study etc., education",2024M06,6
Ukraine,"Study etc., education",2024M06,7
Ukraine,"Study etc., other reasons",2024M06,1
Armenia,"Study etc., education",2024M06,1
Azerbaijan,"Study etc., education",2024M06,3
Uzbekistan,"Study etc., interns",2024M06,5
Kazakhstan,"Study etc., education",2024M06,3
Georgia,"Study etc., education",2024M06,1
Bosnia and Herzegovina,"Study etc., other reasons",2024M06,1
Serbia,"Study etc., other reasons",2024M06,1
Kosovo,"Study etc., education",2024M06,1
Not stated,"Study etc., education",2024M06,1
United Arab Emirates,"Study etc., education",2024M10,1
Afghanistan,"Study etc., other reasons",2024M10,1
Bhutan,"Study etc., education",2024M10,1
Bangladesh,"Study etc., education",2024M10,25
Bangladesh,"Study etc., interns",2024M10,7
Bangladesh,"Study etc., other reasons",2024M10,326
Cambodia,"Study etc., interns",2024M10,1
Sri Lanka,"Study etc., education",2024M10,1
Sri Lanka,"Study etc., interns",2024M10,1
Sri Lanka,"Study etc., other reasons",2024M10,77
Taiwan,"Study etc., education",2024M10,1
India,"Study etc., education",2024M10,13
India,"Study etc., interns",2024M10,30
India,"Study etc., other reasons",2024M10,52
Indonesia,"Study etc., education",2024M10,1
Indonesia,"Study etc., other reasons",2024M10,2
Iraq,"Study etc., other reasons",2024M10,2
Iran,"Study etc., education",2024M10,6
Iran,"Study etc., interns",2024M10,1
Iran,"Study etc., other reasons",2024M10,91
Japan,"Study etc., education",2024M10,47
Japan,"Study etc., other reasons",2024M10,45
China,"Study etc., education",2024M10,40
China,"Study etc., interns",2024M10,4
China,"Study etc., other reasons",2024M10,4
Lebanon,"Study etc., education",2024M10,1
Malaysia,"Study etc., education",2024M10,1
Nepal,"Study etc., education",2024M10,28
Nepal,"Study etc., au pair",2024M10,2
Nepal,"Study etc., interns",2024M10,2
Nepal,"Study etc., other reasons",2024M10,364
Vietnam,"Study etc., education",2024M10,6
Vietnam,"Study etc., interns",2024M10,73
Vietnam,"Study etc., other reasons",2024M10,1
Pakistan,"Study etc., education",2024M10,5
Pakistan,"Study etc., interns",2024M10,1
Pakistan,"Study etc., other reasons",2024M10,111
Philippines,"Study etc., education",2024M10,1
Philippines,"Study etc., au pair",2024M10,65
Philippines,"Study etc., interns",2024M10,15
Philippines,"Study etc., other reasons",2024M10,6
Singapore,"Study etc., education",2024M10,4
Singapore,"Study etc., other reasons",2024M10,3
South Korea,"Study etc., education",2024M10,3
South Korea,"Study etc., interns",2024M10,2
South Korea,"Study etc., other reasons",2024M10,9
Thailand,"Study etc., education",2024M10,1
Thailand,"Study etc., au pair",2024M10,4
Thailand,"Study etc., interns",2024M10,3
Thailand,"Study etc., other reasons",2024M10,2
Australia,"Study etc., education",2024M10,19
Australia,"Study etc., interns",2024M10,1
Australia,"Study etc., other reasons",2024M10,13
New Zealand,"Study etc., education",2024M10,4
New Zealand,"Study etc., interns",2024M10,1
New Zealand,"Study etc., other reasons",2024M10,3
Russia,"Study etc., education",2024M10,2
Russia,"Study etc., interns",2024M10,1
Russia,"Study etc., other reasons",2024M10,1
Ukraine,"Study etc., education",2024M10,2
Ukraine,"Study etc., interns",2024M10,1
Ukraine,"Study etc., other reasons",2024M10,3
Belarus,"Study etc., education",2024M10,1
Azerbaijan,"Study etc., other reasons",2024M10,4
Uzbekistan,"Study etc., interns",2024M10,10
Kyrgyzstan,"Study etc., education",2024M10,2
Kyrgyzstan,"Study etc., interns",2024M10,5
Georgia,"Study etc., education",2024M10,1
Slovenia,"Study etc., other reasons",2024M10,1
Albania,"Study etc., education",2024M11,2
France,"Study etc., other reasons",2024M11,2
Netherlands,"Study etc., other reasons",2024M11,1
Italy,"Study etc., other reasons",2024M11,1
United Kingdom,"Study etc., education",2024M11,11
United Kingdom,"Study etc., other reasons",2024M11,2
Turkey,"Study etc., education",2024M11,18
Turkey,"Study etc., interns",2024M11,1
Turkey,"Study etc., other reasons",2024M11,1
Germany,"Study etc., other reasons",2024M11,3
Algeria,"Study etc., education",2024M11,2
Botswana,"Study etc., other reasons",2024M11,1
Ethiopia,"Study etc., education",2024M11,3
Ethiopia,"Study etc., other reasons",2024M11,4
"Gambia, The","Study etc., education",2024M11,1
Ghana,"Study etc., education",2024M11,10
Ghana,"Study etc., au pair",2024M11,1
Ghana,"Study etc., interns",2024M11,7
Ghana,"Study etc., other reasons",2024M11,1
Kenya,"Study etc., education",2024M11,5
Kenya,"Study etc., interns",2024M11,7
Morocco,"Study etc., education",2024M11,4
Nigeria,"Study etc., education",2024M11,3
Nigeria,"Study etc., other reasons",2024M11,2
South Africa,"Study etc., education",2024M11,3
South Africa,"Study etc., au pair",2024M11,1
South Africa,"Study etc., interns",2024M11,3
Tanzania,"Study etc., education",2024M11,1
Tanzania,"Study etc., interns",2024M11,16
Uganda,"Study etc., au pair",2024M11,1
Uganda,"Study etc., interns",2024M11,46
Egypt,"Study etc., education",2024M11,1
Cameroon,"Study etc., education",2024M11,1
Cameroon,"Study etc., other reasons",2024M11,2
"Congo, Democratic Republic","Study etc., other reasons",2024M11,10
Rwanda,"Study etc., education",2024M11,1
Zimbabwe,"Study etc., education",2024M11,1
Argentina,"Study etc., education",2024M11,1
Argentina,"Study etc., other reasons",2024M11,13
Brazil,"Study etc., education",2024M11,3
Brazil,"Study etc., interns",2024M11,2
Canada,"Study etc., education",2024M11,50
Canada,"Study etc., other reasons",2024M11,16
Chile,"Study etc., education",2024M11,5
Chile,"Study etc., interns",2024M11,1
Chile,"Study etc., other reasons",2024M11,3
Colombia,"Study etc., education",2024M11,5
Colombia,"Study etc., au pair",2024M11,1
Ecuador,"Study etc., interns",2024M11,1
Guatemala,"Study etc., education",2024M11,1
Dominica,"Study etc., education",2024M11,1
Mexico,"Study etc., education",2024M11,2
Mexico,"Study etc., interns",2024M11,2
Panama,"Study etc., education",2024M11,1
Panama,"Study etc., interns",2024M11,1
Paraguay,"Study etc., education",2024M11,1
Peru,"Study etc., education",2024M11,2
USA,"Study etc., education",2024M11,83
USA,"Study etc., au pair",2024M11,1
USA,"Study etc., interns",2024M11,4
USA,"Study etc., other reasons",2024M11,11
Afghanistan,"Study etc., other reasons",2024M11,7
Bangladesh,"Study etc., education",2024M11,76
Bangladesh,"Study etc., interns",2024M11,5
Bangladesh,"Study etc., other reasons",2024M11,111
Myanmar,"Study etc., other reasons",2024M11,1
Cambodia,"Study etc., interns",2024M11,2
Sri Lanka,"Study etc., education",2024M11,1
Sri Lanka,"Study etc., interns",2024M11,1
Sri Lanka,"Study etc., other reasons",2024M11,46
Taiwan,"Study etc., interns",2024M11,1
India,"Study etc., education",2024M11,34
India,"Study etc., interns",2024M11,18
India,"Study etc., other reasons",2024M11,13
Indonesia,"Study etc., education",2024M11,15
Indonesia,"Study etc., other reasons",2024M11,1
Iraq,"Study etc., other reasons",2024M11,2
Iran,"Study etc., education",2024M11,2
Iran,"Study etc., other reasons",2024M11,146
Israel,"Study etc., education",2024M11,2
Japan,"Study etc., education",2024M11,48
Japan,"Study etc., interns",2024M11,2
Japan,"Study etc., other reasons",2024M11,9
Jordan,"Study etc., education",2024M11,2
China,"Study etc., education",2024M11,113
China,"Study etc., interns",2024M11,7
China,"Study etc., other reasons",2024M11,4
Lebanon,"Study etc., education",2024M11,3
Malaysia,"Study etc., education",2024M11,2
Mongolia,"Study etc., education",2024M11,1
Nepal,"Study etc., education",2024M11,147
Nepal,"Study etc., interns",2024M11,5
Nepal,"Study etc., other reasons",2024M11,271
Vietnam,"Study etc., education",2024M11,7
Vietnam,"Study etc., interns",2024M11,56
Pakistan,"Study etc., education",2024M11,8
Pakistan,"Study etc., other reasons",2024M11,134
Philippines,"Study etc., education",2024M11,4
Philippines,"Study etc., au pair",2024M11,62
Philippines,"Study etc., interns",2024M11,11
Philippines,"Study etc., other reasons",2024M11,1
Saudi Arabia,"Study etc., interns",2024M11,1
Singapore,"Study etc., education",2024M11,34
South Korea,"Study etc., education",2024M11,6
South Korea,"Study etc., interns",2024M11,1
South Korea,"Study etc., other reasons",2024M11,8
Thailand,"Study etc., education",2024M11,6
Thailand,"Study etc., au pair",2024M11,2
Thailand,"Study etc., interns",2024M11,4
Thailand,"Study etc., other reasons",2024M11,1
Australia,"Study etc., education",2024M11,82
Australia,"Study etc., interns",2024M11,2
Australia,"Study etc., other reasons",2024M11,31
New Zealand,"Study etc., education",2024M11,18
New Zealand,"Study etc., other reasons",2024M11,3
Russia,"Study etc., education",2024M11,2
Ukraine,"Study etc., education",2024M11,4
Azerbaijan,"Study etc., education",2024M11,1
Uzbekistan,"Study etc., interns",2024M11,1
Kazakhstan,"Study etc., education",2024M11,4
Albania,"Study etc., education",2026M03,1
Belgium,"Study etc., other reasons",2026M03,1
Poland,"Study etc., other reasons",2026M03,1
United Kingdom,"Study etc., education",2026M03,7
United Kingdom,"Study etc., interns",2026M03,2
Turkey,"Study etc., education",2026M03,3
Turkey,"Study etc., interns",2026M03,1
Turkey,"Study etc., other reasons",2026M03,10
Algeria,"Study etc., au pair",2026M03,1
Ghana,"Study etc., education",2026M03,9
Ghana,"Study etc., interns",2026M03,2
Kenya,"Study etc., education",2026M03,1
Kenya,"Study etc., interns",2026M03,1
Morocco,"Study etc., education",2026M03,2
South Africa,"Study etc., education",2026M03,1
South Africa,"Study etc., interns",2026M03,3
Tanzania,"Study etc., education",2026M03,1
Tanzania,"Study etc., interns",2026M03,4
Tunisia,"Study etc., education",2026M03,1
Uganda,"Study etc., education",2026M03,2
Egypt,"Study etc., interns",2026M03,1
Egypt,"Study etc., other reasons",2026M03,2
Cameroon,"Study etc., other reasons",2026M03,3
Benin,"Study etc., interns",2026M03,1
Argentina,"Study etc., education",2026M03,2
Brazil,"Study etc., education",2026M03,4
Brazil,"Study etc., au pair",2026M03,2
Brazil,"Study etc., interns",2026M03,3
Brazil,"Study etc., other reasons",2026M03,2
Canada,"Study etc., education",2026M03,2
Canada,"Study etc., interns",2026M03,1
Canada,"Study etc., other reasons",2026M03,6
Chile,"Study etc., other reasons",2026M03,35
Colombia,"Study etc., education",2026M03,5
Colombia,"Study etc., interns",2026M03,2
Colombia,"Study etc., other reasons",2026M03,2
Ecuador,"Study etc., interns",2026M03,1
Ecuador,"Study etc., other reasons",2026M03,1
Mexico,"Study etc., education",2026M03,3
Mexico,"Study etc., interns",2026M03,4
Mexico,"Study etc., other reasons",2026M03,1
USA,"Study etc., education",2026M03,20
USA,"Study etc., interns",2026M03,4
USA,"Study etc., other reasons",2026M03,10
Bangladesh,"Study etc., education",2026M03,2
Bangladesh,"Study etc., interns",2026M03,1
Bangladesh,"Study etc., other reasons",2026M03,16
Cambodia,"Study etc., interns",2026M03,2
Sri Lanka,"Study etc., interns",2026M03,2
Sri Lanka,"Study etc., other reasons",2026M03,1
India,"Study etc., education",2026M03,8
India,"Study etc., interns",2026M03,19
India,"Study etc., other reasons",2026M03,16
Indonesia,"Study etc., au pair",2026M03,1
Indonesia,"Study etc., other reasons",2026M03,1
Iran,"Study etc., education",2026M03,7
Iran,"Study etc., other reasons",2026M03,7
Japan,"Study etc., education",2026M03,29
Japan,"Study etc., interns",2026M03,1
Japan,"Study etc., other reasons",2026M03,15
China,"Study etc., education",2026M03,12
China,"Study etc., interns",2026M03,3
China,"Study etc., other reasons",2026M03,1
Nepal,"Study etc., education",2026M03,2
Nepal,"Study etc., interns",2026M03,4
Nepal,"Study etc., other reasons",2026M03,3
Vietnam,"Study etc., education",2026M03,1
Vietnam,"Study etc., interns",2026M03,75
Pakistan,"Study etc., education",2026M03,1
Pakistan,"Study etc., other reasons",2026M03,25
Philippines,"Study etc., au pair",2026M03,57
Philippines,"Study etc., interns",2026M03,11
Philippines,"Study etc., other reasons",2026M03,1
South Korea,"Study etc., education",2026M03,16
South Korea,"Study etc., au pair",2026M03,1
South Korea,"Study etc., other reasons",2026M03,16
Syria,"Study etc., education",2026M03,1
Thailand,"Study etc., au pair",2026M03,3
Thailand,"Study etc., interns",2026M03,2
Australia,"Study etc., education",2026M03,16
Australia,"Study etc., other reasons",2026M03,23
New Zealand,"Study etc., education",2026M03,2
New Zealand,"Study etc., other reasons",2026M03,1
Russia,"Study etc., education",2026M03,1
Russia,"Study etc., other reasons",2026M03,1
Ukraine,"Study etc., other reasons",2026M03,5
Uzbekistan,"Study etc., interns",2026M03,6
Kazakhstan,"Study etc., education",2026M03,1
Montenegro,"Study etc., interns",2026M03,1
Monaco,"Study etc., other reasons",2025M03,1
United Kingdom,"Study etc., education",2025M03,2
United Kingdom,"Study etc., au pair",2025M03,1
United Kingdom,"Study etc., interns",2025M03,2
Turkey,"Study etc., education",2025M03,1
Turkey,"Study etc., interns",2025M03,7
Turkey,"Study etc., other reasons",2025M03,1
Germany,"Study etc., other reasons",2025M03,1
Algeria,"Study etc., interns",2025M03,1
Ghana,"Study etc., education",2025M03,1
Ghana,"Study etc., interns",2025M03,4
Ghana,"Study etc., other reasons",2025M03,3
Kenya,"Study etc., education",2025M03,1
Kenya,"Study etc., au pair",2025M03,1
Kenya,"Study etc., interns",2025M03,11
Morocco,"Study etc., other reasons",2025M03,1
Nigeria,"Study etc., education",2025M03,1
Nigeria,"Study etc., au pair",2025M03,1
Nigeria,"Study etc., other reasons",2025M03,1
Namibia,"Study etc., au pair",2025M03,2
South Africa,"Study etc., interns",2025M03,2
Tanzania,"Study etc., interns",2025M03,18
Uganda,"Study etc., au pair",2025M03,1
Uganda,"Study etc., interns",2025M03,37
Uganda,"Study etc., other reasons",2025M03,1
Egypt,"Study etc., education",2025M03,1
Egypt,"Study etc., interns",2025M03,1
Egypt,"Study etc., other reasons",2025M03,2
Cameroon,"Study etc., education",2025M03,3
Cameroon,"Study etc., other reasons",2025M03,1
"Congo, Democratic Republic","Study etc., other reasons",2025M03,11
Zimbabwe,"Study etc., education",2025M03,1
Brazil,"Study etc., education",2025M03,3
Brazil,"Study etc., interns",2025M03,9
Brazil,"Study etc., other reasons",2025M03,1
Canada,"Study etc., education",2025M03,3
Canada,"Study etc., other reasons",2025M03,5
Colombia,"Study etc., education",2025M03,1
Colombia,"Study etc., interns",2025M03,1
Costa Rica,"Study etc., interns",2025M03,1
Ecuador,"Study etc., education",2025M03,1
Guatemala,"Study etc., interns",2025M03,1
Mexico,"Study etc., education",2025M03,6
Mexico,"Study etc., au pair",2025M03,1
Mexico,"Study etc., interns",2025M03,2
USA,"Study etc., education",2025M03,13
USA,"Study etc., interns",2025M03,6
USA,"Study etc., other reasons",2025M03,9
Venezuela,"Study etc., interns",2025M03,1
Afghanistan,"Study etc., other reasons",2025M03,8
Bangladesh,"Study etc., education",2025M03,4
Bangladesh,"Study etc., interns",2025M03,3
Bangladesh,"Study etc., other reasons",2025M03,16
Sri Lanka,"Study etc., interns",2025M03,2
Sri Lanka,"Study etc., other reasons",2025M03,77
India,"Study etc., education",2025M03,4
India,"Study etc., interns",2025M03,19
India,"Study etc., other reasons",2025M03,5
Indonesia,"Study etc., interns",2025M03,3
Iraq,"Study etc., other reasons",2025M03,2
Iran,"Study etc., education",2025M03,4
Iran,"Study etc., interns",2025M03,2
Iran,"Study etc., other reasons",2025M03,93
Japan,"Study etc., education",2025M03,2
Japan,"Study etc., interns",2025M03,1
Japan,"Study etc., other reasons",2025M03,22
China,"Study etc., education",2025M03,10
China,"Study etc., interns",2025M03,9
China,"Study etc., other reasons",2025M03,2
Lebanon,"Study etc., other reasons",2025M03,1
Malaysia,"Study etc., interns",2025M03,1
Malaysia,"Study etc., other reasons",2025M03,5
Nepal,"Study etc., education",2025M03,5
Nepal,"Study etc., au pair",2025M03,1
Nepal,"Study etc., interns",2025M03,7
Nepal,"Study etc., other reasons",2025M03,105
Vietnam,"Study etc., education",2025M03,2
Vietnam,"Study etc., au pair",2025M03,1
Vietnam,"Study etc., interns",2025M03,49
Pakistan,"Study etc., education",2025M03,2
Pakistan,"Study etc., other reasons",2025M03,98
Philippines,"Study etc., au pair",2025M03,20
Philippines,"Study etc., interns",2025M03,13
Philippines,"Study etc., other reasons",2025M03,1
South Korea,"Study etc., education",2025M03,9
South Korea,"Study etc., interns",2025M03,2
South Korea,"Study etc., other reasons",2025M03,4
Thailand,"Study etc., au pair",2025M03,1
Thailand,"Study etc., interns",2025M03,2
Australia,"Study etc., education",2025M03,7
Australia,"Study etc., interns",2025M03,1
Australia,"Study etc., other reasons",2025M03,9
New Zealand,"Study etc., other reasons",2025M03,1
Russia,"Study etc., education",2025M03,2
Russia,"Study etc., interns",2025M03,1
Ukraine,"Study etc., education",2025M03,2
Ukraine,"Study etc., other reasons",2025M03,4
Moldova,"Study etc., au pair",2025M03,1
Uzbekistan,"Study etc., interns",2025M03,10
Turkmenistan,"Study etc., education",2025M03,1
Kyrgyzstan,"Study etc., interns",2025M03,2
Bosnia and Herzegovina,"Study etc., other reasons",2025M03,1
Republic of North Macedonia,"Study etc., interns",2025M03,2
Serbia,"Study etc., interns",2025M03,1
Serbia,"Study etc., other reasons",2025M03,1
Stateless,"Study etc., education",2025M02,1
France,"Study etc., other reasons",2025M02,1
United Kingdom,"Study etc., education",2025M02,10
United Kingdom,"Study etc., au pair",2025M02,1
United Kingdom,"Study etc., interns",2025M02,1
United Kingdom,"Study etc., other reasons",2025M02,1
Turkey,"Study etc., education",2025M02,3
Turkey,"Study etc., interns",2025M02,2
Algeria,"Study etc., education",2025M02,1
Ghana,"Study etc., education",2025M02,1
Ghana,"Study etc., au pair",2025M02,1
Ghana,"Study etc., interns",2025M02,5
Ghana,"Study etc., other reasons",2025M02,2
Kenya,"Study etc., education",2025M02,1
Kenya,"Study etc., interns",2025M02,11
South Africa,"Study etc., interns",2025M02,7
South Africa,"Study etc., other reasons",2025M02,3
Tanzania,"Study etc., education",2025M02,4
Tanzania,"Study etc., interns",2025M02,7
Tunisia,"Study etc., education",2025M02,1
Tunisia,"Study etc., other reasons",2025M02,2
Uganda,"Study etc., education",2025M02,2
Uganda,"Study etc., interns",2025M02,69
Egypt,"Study etc., education",2025M02,2
Egypt,"Study etc., other reasons",2025M02,1
Cameroon,"Study etc., education",2025M02,1
Cameroon,"Study etc., other reasons",2025M02,9
Ivory Coast,"Study etc., education",2025M02,1
Argentina,"Study etc., education",2025M02,3
Argentina,"Study etc., other reasons",2025M02,2
Brazil,"Study etc., education",2025M02,10
Brazil,"Study etc., au pair",2025M02,3
Brazil,"Study etc., interns",2025M02,1
Brazil,"Study etc., other reasons",2025M02,1
Canada,"Study etc., education",2025M02,9
Canada,"Study etc., interns",2025M02,1
Canada,"Study etc., other reasons",2025M02,6
Chile,"Study etc., education",2025M02,1
Colombia,"Study etc., education",2025M02,3
Colombia,"Study etc., au pair",2025M02,1
Colombia,"Study etc., interns",2025M02,3
Colombia,"Study etc., other reasons",2025M02,1
Costa Rica,"Study etc., education",2025M02,1
Guatemala,"Study etc., education",2025M02,1
Mexico,"Study etc., education",2025M02,8
Mexico,"Study etc., interns",2025M02,2
Peru,"Study etc., education",2025M02,1
USA,"Study etc., education",2025M02,64
USA,"Study etc., interns",2025M02,9
USA,"Study etc., other reasons",2025M02,2
Afghanistan,"Study etc., other reasons",2025M02,1
Bangladesh,"Study etc., education",2025M02,9
Bangladesh,"Study etc., interns",2025M02,4
Bangladesh,"Study etc., other reasons",2025M02,52
Cambodia,"Study etc., education",2025M02,1
Sri Lanka,"Study etc., education",2025M02,1
Sri Lanka,"Study etc., au pair",2025M02,1
Sri Lanka,"Study etc., other reasons",2025M02,56
India,"Study etc., education",2025M02,5
India,"Study etc., interns",2025M02,20
India,"Study etc., other reasons",2025M02,13
Indonesia,"Study etc., education",2025M02,1
Indonesia,"Study etc., interns",2025M02,1
Indonesia,"Study etc., other reasons",2025M02,5
Iraq,"Study etc., other reasons",2025M02,1
Iran,"Study etc., education",2025M02,11
Iran,"Study etc., other reasons",2025M02,82
Israel,"Study etc., education",2025M02,2
Japan,"Study etc., education",2025M02,20
Japan,"Study etc., other reasons",2025M02,27
China,"Study etc., education",2025M02,43
China,"Study etc., interns",2025M02,6
China,"Study etc., other reasons",2025M02,1
Lebanon,"Study etc., education",2025M02,1
Nepal,"Study etc., education",2025M02,13
Nepal,"Study etc., au pair",2025M02,1
Nepal,"Study etc., interns",2025M02,3
Nepal,"Study etc., other reasons",2025M02,140
Vietnam,"Study etc., education",2025M02,2
Vietnam,"Study etc., interns",2025M02,47
Vietnam,"Study etc., other reasons",2025M02,1
Pakistan,"Study etc., education",2025M02,5
Pakistan,"Study etc., other reasons",2025M02,113
Philippines,"Study etc., education",2025M02,1
Philippines,"Study etc., au pair",2025M02,52
Philippines,"Study etc., interns",2025M02,7
Philippines,"Study etc., other reasons",2025M02,1
Singapore,"Study etc., education",2025M02,2
South Korea,"Study etc., education",2025M02,28
South Korea,"Study etc., interns",2025M02,2
South Korea,"Study etc., other reasons",2025M02,8
Thailand,"Study etc., education",2025M02,1
Thailand,"Study etc., au pair",2025M02,3
Thailand,"Study etc., interns",2025M02,2
Thailand,"Study etc., other reasons",2025M02,2
Australia,"Study etc., education",2025M02,19
Australia,"Study etc., interns",2025M02,1
Australia,"Study etc., other reasons",2025M02,16
New Zealand,"Study etc., education",2025M02,4
Russia,"Study etc., interns",2025M02,1
Russia,"Study etc., other reasons",2025M02,2
Ukraine,"Study etc., education",2025M02,1
Ukraine,"Study etc., interns",2025M02,1
Belarus,"Study etc., interns",2025M02,1
Uzbekistan,"Study etc., interns",2025M02,5
Kazakhstan,"Study etc., interns",2025M02,1
Kyrgyzstan,"Study etc., interns",2025M02,1
Slovenia,"Study etc., other reasons",2025M02,1
Stateless,"Study etc., other reasons",2026M02,1
Stateless,"Study etc., education",2024M03,1
Stateless,"Study etc., other reasons",2024M03,1
Switzerland,"Study etc., other reasons",2024M03,1
United Kingdom,"Study etc., education",2024M03,7
United Kingdom,"Study etc., au pair",2024M03,1
United Kingdom,"Study etc., interns",2024M03,1
Turkey,"Study etc., education",2024M03,3
Turkey,"Study etc., interns",2024M03,3
Turkey,"Study etc., other reasons",2024M03,6
Ghana,"Study etc., interns",2024M03,8
Kenya,"Study etc., au pair",2024M03,2
Kenya,"Study etc., interns",2024M03,3
Morocco,"Study etc., interns",2024M03,1
Nigeria,"Study etc., other reasons",2024M03,3
South Africa,"Study etc., au pair",2024M03,1
South Africa,"Study etc., interns",2024M03,2
Tanzania,"Study etc., interns",2024M03,1
Uganda,"Study etc., interns",2024M03,37
Egypt,"Study etc., education",2024M03,1
Egypt,"Study etc., other reasons",2024M03,4
Cameroon,"Study etc., other reasons",2024M03,4
Argentina,"Study etc., education",2024M03,5
Argentina,"Study etc., other reasons",2024M03,5
Brazil,"Study etc., education",2024M03,8
Brazil,"Study etc., interns",2024M03,1
Brazil,"Study etc., other reasons",2024M03,4
Canada,"Study etc., education",2024M03,11
Canada,"Study etc., interns",2024M03,1
Canada,"Study etc., other reasons",2024M03,6
Chile,"Study etc., education",2024M03,1
Chile,"Study etc., other reasons",2024M03,7
Colombia,"Study etc., education",2024M03,2
Guatemala,"Study etc., education",2024M03,1
Mexico,"Study etc., interns",2024M03,1
Peru,"Study etc., education",2024M03,1
Peru,"Study etc., au pair",2024M03,1
Uruguay,"Study etc., education",2024M03,1
USA,"Study etc., education",2024M03,22
USA,"Study etc., interns",2024M03,4
USA,"Study etc., other reasons",2024M03,2
Afghanistan,"Study etc., other reasons",2024M03,1
Bangladesh,"Study etc., education",2024M03,9
Bangladesh,"Study etc., interns",2024M03,2
Bangladesh,"Study etc., other reasons",2024M03,54
Myanmar,"Study etc., other reasons",2024M03,1
Sri Lanka,"Study etc., other reasons",2024M03,52
India,"Study etc., education",2024M03,7
India,"Study etc., interns",2024M03,17
India,"Study etc., other reasons",2024M03,21
Indonesia,"Study etc., education",2024M03,2
Indonesia,"Study etc., other reasons",2024M03,1
Iraq,"Study etc., other reasons",2024M03,1
Iran,"Study etc., education",2024M03,8
Iran,"Study etc., other reasons",2024M03,212
Japan,"Study etc., education",2024M03,17
Japan,"Study etc., interns",2024M03,1
Japan,"Study etc., other reasons",2024M03,21
China,"Study etc., education",2024M03,33
China,"Study etc., interns",2024M03,2
China,"Study etc., other reasons",2024M03,9
Malaysia,"Study etc., interns",2024M03,1
Nepal,"Study etc., education",2024M03,9
Nepal,"Study etc., au pair",2024M03,1
Nepal,"Study etc., interns",2024M03,2
Nepal,"Study etc., other reasons",2024M03,86
Vietnam,"Study etc., interns",2024M03,59
Pakistan,"Study etc., education",2024M03,5
Pakistan,"Study etc., other reasons",2024M03,47
Philippines,"Study etc., au pair",2024M03,34
Philippines,"Study etc., interns",2024M03,4
South Korea,"Study etc., education",2024M03,9
South Korea,"Study etc., other reasons",2024M03,5
Thailand,"Study etc., au pair",2024M03,1
Australia,"Study etc., education",2024M03,6
Australia,"Study etc., other reasons",2024M03,29
New Zealand,"Study etc., education",2024M03,1
New Zealand,"Study etc., other reasons",2024M03,3
Latvia,"Study etc., other reasons",2024M03,1
Russia,"Study etc., education",2024M03,1
Ukraine,"Study etc., education",2024M03,2
Armenia,"Study etc., education",2024M03,1
Armenia,"Study etc., other reasons",2024M03,1
Uzbekistan,"Study etc., interns",2024M03,7
Kazakhstan,"Study etc., education",2024M03,1
Kazakhstan,"Study etc., au pair",2024M03,1
France,"Study etc., other reasons",2025M01,1
United Kingdom,"Study etc., education",2025M01,17
United Kingdom,"Study etc., interns",2025M01,1
Turkey,"Study etc., education",2025M01,10
Turkey,"Study etc., interns",2025M01,2
Turkey,"Study etc., other reasons",2025M01,1
Germany,"Study etc., other reasons",2025M01,4
Ghana,"Study etc., education",2025M01,4
Ghana,"Study etc., interns",2025M01,1
Ghana,"Study etc., other reasons",2025M01,2
Kenya,"Study etc., education",2025M01,4
Kenya,"Study etc., interns",2025M01,7
Kenya,"Study etc., other reasons",2025M01,2
Morocco,"Study etc., education",2025M01,2
Morocco,"Study etc., interns",2025M01,1
Mauritius,"Study etc., education",2025M01,1
Nigeria,"Study etc., education",2025M01,4
Nigeria,"Study etc., au pair",2025M01,1
Nigeria,"Study etc., interns",2025M01,1
Nigeria,"Study etc., other reasons",2025M01,3
Sierra Leone,"Study etc., education",2025M01,1
Sudan,"Study etc., education",2025M01,1
South Africa,"Study etc., education",2025M01,1
South Africa,"Study etc., au pair",2025M01,2
South Africa,"Study etc., interns",2025M01,3
South Africa,"Study etc., other reasons",2025M01,1
Tanzania,"Study etc., interns",2025M01,17
Tunisia,"Study etc., interns",2025M01,1
Tunisia,"Study etc., other reasons",2025M01,1
Uganda,"Study etc., interns",2025M01,49
Egypt,"Study etc., education",2025M01,3
Egypt,"Study etc., other reasons",2025M01,3
Cameroon,"Study etc., education",2025M01,9
Cameroon,"Study etc., other reasons",2025M01,4
Zimbabwe,"Study etc., au pair",2025M01,1
Argentina,"Study etc., education",2025M01,3
Argentina,"Study etc., other reasons",2025M01,1
Brazil,"Study etc., education",2025M01,17
Brazil,"Study etc., au pair",2025M01,1
Brazil,"Study etc., interns",2025M01,6
Brazil,"Study etc., other reasons",2025M01,3
Canada,"Study etc., education",2025M01,26
Canada,"Study etc., interns",2025M01,2
Canada,"Study etc., other reasons",2025M01,7
Chile,"Study etc., education",2025M01,3
Chile,"Study etc., other reasons",2025M01,1
Colombia,"Study etc., education",2025M01,6
Colombia,"Study etc., interns",2025M01,2
Colombia,"Study etc., other reasons",2025M01,2
Costa Rica,"Study etc., education",2025M01,1
Guatemala,"Study etc., interns",2025M01,1
Mexico,"Study etc., education",2025M01,23
Mexico,"Study etc., au pair",2025M01,1
Mexico,"Study etc., interns",2025M01,3
Panama,"Study etc., interns",2025M01,1
Peru,"Study etc., other reasons",2025M01,1
El Salvador,"Study etc., education",2025M01,1
Uruguay,"Study etc., education",2025M01,1
USA,"Study etc., education",2025M01,1618
USA,"Study etc., au pair",2025M01,1
USA,"Study etc., interns",2025M01,6
USA,"Study etc., other reasons",2025M01,8
Venezuela,"Study etc., education",2025M01,2
Afghanistan,"Study etc., other reasons",2025M01,10
Bangladesh,"Study etc., education",2025M01,128
Bangladesh,"Study etc., interns",2025M01,4
Bangladesh,"Study etc., other reasons",2025M01,116
Sri Lanka,"Study etc., education",2025M01,1
Sri Lanka,"Study etc., interns",2025M01,3
Sri Lanka,"Study etc., other reasons",2025M01,66
Taiwan,"Study etc., education",2025M01,1
India,"Study etc., education",2025M01,38
India,"Study etc., interns",2025M01,19
India,"Study etc., other reasons",2025M01,20
Indonesia,"Study etc., education",2025M01,3
Indonesia,"Study etc., interns",2025M01,1
Indonesia,"Study etc., other reasons",2025M01,1
Iraq,"Study etc., other reasons",2025M01,4
Iran,"Study etc., education",2025M01,7
Iran,"Study etc., other reasons",2025M01,126
Israel,"Study etc., education",2025M01,2
Israel,"Study etc., other reasons",2025M01,1
Japan,"Study etc., education",2025M01,25
Japan,"Study etc., other reasons",2025M01,12
Jordan,"Study etc., education",2025M01,2
China,"Study etc., education",2025M01,36
China,"Study etc., interns",2025M01,9
China,"Study etc., other reasons",2025M01,8
Lebanon,"Study etc., education",2025M01,2
Malaysia,"Study etc., education",2025M01,1
Oman,"Study etc., education",2025M01,1
Nepal,"Study etc., education",2025M01,277
Nepal,"Study etc., au pair",2025M01,2
Nepal,"Study etc., interns",2025M01,3
Nepal,"Study etc., other reasons",2025M01,314
Vietnam,"Study etc., education",2025M01,3
Vietnam,"Study etc., interns",2025M01,44
Vietnam,"Study etc., other reasons",2025M01,3
Pakistan,"Study etc., education",2025M01,11
Pakistan,"Study etc., other reasons",2025M01,76
Philippines,"Study etc., education",2025M01,3
Philippines,"Study etc., au pair",2025M01,41
Philippines,"Study etc., interns",2025M01,8
Philippines,"Study etc., other reasons",2025M01,3
Singapore,"Study etc., education",2025M01,6
Singapore,"Study etc., interns",2025M01,1
South Korea,"Study etc., education",2025M01,21
South Korea,"Study etc., other reasons",2025M01,5
Syria,"Study etc., education",2025M01,1
Syria,"Study etc., other reasons",2025M01,2
Thailand,"Study etc., education",2025M01,3
Thailand,"Study etc., other reasons",2025M01,2
Australia,"Study etc., education",2025M01,51
Australia,"Study etc., interns",2025M01,2
Australia,"Study etc., other reasons",2025M01,5
New Zealand,"Study etc., education",2025M01,2
New Zealand,"Study etc., other reasons",2025M01,1
East Timor,"Study etc., education",2025M01,1
Russia,"Study etc., education",2025M01,2
Russia,"Study etc., other reasons",2025M01,5
Ukraine,"Study etc., education",2025M01,6
Ukraine,"Study etc., other reasons",2025M01,2
Moldova,"Study etc., education",2025M01,1
Moldova,"Study etc., other reasons",2025M01,1
Uzbekistan,"Study etc., interns",2025M01,5
Kazakhstan,"Study etc., education",2025M01,1
Kazakhstan,"Study etc., interns",2025M01,1
Kyrgyzstan,"Study etc., interns",2025M01,1
Tajikistan,"Study etc., education",2025M01,2
Georgia,"Study etc., education",2025M01,1
Bosnia and Herzegovina,"Study etc., other reasons",2025M01,1
Serbia,"Study etc., other reasons",2025M01,1
Albania,"Study etc., education",2026M04,2
United Kingdom,"Study etc., education",2026M04,2
United Kingdom,"Study etc., interns",2026M04,1
United Kingdom,"Study etc., other reasons",2026M04,1
Turkey,"Study etc., education",2026M04,4
Turkey,"Study etc., interns",2026M04,3
Ghana,"Study etc., education",2026M04,3
Ghana,"Study etc., interns",2026M04,1
Kenya,"Study etc., education",2026M04,4
Kenya,"Study etc., au pair",2026M04,1
Morocco,"Study etc., au pair",2026M04,1
Nigeria,"Study etc., education",2026M04,2
Nigeria,"Study etc., other reasons",2026M04,8
South Africa,"Study etc., au pair",2026M04,1
South Africa,"Study etc., interns",2026M04,10
Egypt,"Study etc., interns",2026M04,1
Egypt,"Study etc., other reasons",2026M04,1
Cameroon,"Study etc., education",2026M04,1
Cameroon,"Study etc., other reasons",2026M04,2
Zimbabwe,"Study etc., au pair",2026M04,1
Zambia,"Study etc., other reasons",2026M04,3
Argentina,"Study etc., other reasons",2026M04,32
Brazil,"Study etc., education",2026M04,2
Brazil,"Study etc., au pair",2026M04,1
Brazil,"Study etc., interns",2026M04,4
Canada,"Study etc., education",2026M04,3
Canada,"Study etc., interns",2026M04,2
Canada,"Study etc., other reasons",2026M04,6
Chile,"Study etc., other reasons",2026M04,32
Colombia,"Study etc., interns",2026M04,3
Costa Rica,"Study etc., interns",2026M04,1
Cuba,"Study etc., education",2026M04,1
Mexico,"Study etc., interns",2026M04,1
USA,"Study etc., education",2026M04,11
USA,"Study etc., interns",2026M04,27
USA,"Study etc., other reasons",2026M04,2
United Arab Emirates,"Study etc., education",2026M04,1
Bangladesh,"Study etc., education",2026M04,2
Bangladesh,"Study etc., other reasons",2026M04,15
Sri Lanka,"Study etc., interns",2026M04,1
Sri Lanka,"Study etc., other reasons",2026M04,4
India,"Study etc., education",2026M04,6
India,"Study etc., interns",2026M04,20
India,"Study etc., other reasons",2026M04,7
Indonesia,"Study etc., education",2026M04,1
Indonesia,"Study etc., au pair",2026M04,4
Indonesia,"Study etc., interns",2026M04,1
Iran,"Study etc., interns",2026M04,1
Iran,"Study etc., other reasons",2026M04,11
Japan,"Study etc., education",2026M04,31
Japan,"Study etc., interns",2026M04,1
Japan,"Study etc., other reasons",2026M04,25
China,"Study etc., education",2026M04,28
China,"Study etc., other reasons",2026M04,1
Nepal,"Study etc., au pair",2026M04,2
Nepal,"Study etc., interns",2026M04,16
Nepal,"Study etc., other reasons",2026M04,9
Vietnam,"Study etc., education",2026M04,4
Vietnam,"Study etc., interns",2026M04,24
Pakistan,"Study etc., education",2026M04,1
Pakistan,"Study etc., other reasons",2026M04,15
Philippines,"Study etc., au pair",2026M04,49
Philippines,"Study etc., interns",2026M04,28
Singapore,"Study etc., education",2026M04,7
South Korea,"Study etc., education",2026M04,4
South Korea,"Study etc., interns",2026M04,1
Thailand,"Study etc., interns",2026M04,3
Australia,"Study etc., education",2026M04,11
Australia,"Study etc., other reasons",2026M04,9
Poland,"Study etc., other reasons",2024M02,1
United Kingdom,"Study etc., education",2024M02,9
United Kingdom,"Study etc., other reasons",2024M02,1
Turkey,"Study etc., education",2024M02,7
Turkey,"Study etc., au pair",2024M02,1
Turkey,"Study etc., interns",2024M02,4
Turkey,"Study etc., other reasons",2024M02,12
Albania,"Study etc., interns",2026M02,1
Netherlands,"Study etc., other reasons",2026M02,1
Italy,"Study etc., other reasons",2026M02,1
Portugal,"Study etc., other reasons",2026M02,1
United Kingdom,"Study etc., education",2026M02,8
United Kingdom,"Study etc., interns",2026M02,1
United Kingdom,"Study etc., other reasons",2026M02,1
Turkey,"Study etc., education",2026M02,1
Turkey,"Study etc., interns",2026M02,5
Turkey,"Study etc., other reasons",2026M02,4
Germany,"Study etc., other reasons",2026M02,2
Austria,"Study etc., other reasons",2026M02,1
Ethiopia,"Study etc., au pair",2026M02,1
Ghana,"Study etc., education",2026M02,2
Ghana,"Study etc., interns",2026M02,3
Kenya,"Study etc., interns",2026M02,12
Libya,"Study etc., education",2026M02,1
Morocco,"Study etc., education",2026M02,1
Morocco,"Study etc., interns",2026M02,2
Nigeria,"Study etc., education",2026M02,1
South Africa,"Study etc., education",2026M02,12
South Africa,"Study etc., interns",2026M02,8
Tanzania,"Study etc., interns",2026M02,23
Uganda,"Study etc., education",2026M02,1
Egypt,"Study etc., education",2026M02,1
Cameroon,"Study etc., education",2026M02,2
Argentina,"Study etc., education",2026M02,4
Brazil,"Study etc., education",2026M02,6
Brazil,"Study etc., au pair",2026M02,1
Brazil,"Study etc., interns",2026M02,6
Canada,"Study etc., education",2026M02,5
Canada,"Study etc., other reasons",2026M02,5
Chile,"Study etc., education",2026M02,4
Chile,"Study etc., interns",2026M02,1
Colombia,"Study etc., education",2026M02,3
Ecuador,"Study etc., education",2026M02,1
Guatemala,"Study etc., education",2026M02,2
Guatemala,"Study etc., interns",2026M02,1
Honduras,"Study etc., education",2026M02,2
Mexico,"Study etc., education",2026M02,6
Mexico,"Study etc., interns",2026M02,2
Mexico,"Study etc., other reasons",2026M02,1
Peru,"Study etc., education",2026M02,1
USA,"Study etc., education",2026M02,57
USA,"Study etc., au pair",2026M02,1
USA,"Study etc., interns",2026M02,8
USA,"Study etc., other reasons",2026M02,4
Afghanistan,"Study etc., other reasons",2026M02,2
Bangladesh,"Study etc., education",2026M02,7
Bangladesh,"Study etc., interns",2026M02,1
Bangladesh,"Study etc., other reasons",2026M02,18
Cambodia,"Study etc., interns",2026M02,2
Sri Lanka,"Study etc., interns",2026M02,4
Sri Lanka,"Study etc., other reasons",2026M02,6
India,"Study etc., education",2026M02,12
India,"Study etc., interns",2026M02,13
India,"Study etc., other reasons",2026M02,16
Indonesia,"Study etc., education",2026M02,2
Iraq,"Study etc., other reasons",2026M02,1
Iran,"Study etc., education",2026M02,7
Iran,"Study etc., au pair",2026M02,1
Iran,"Study etc., interns",2026M02,2
Iran,"Study etc., other reasons",2026M02,26
Japan,"Study etc., education",2026M02,25
Japan,"Study etc., interns",2026M02,3
Japan,"Study etc., other reasons",2026M02,35
China,"Study etc., education",2026M02,30
China,"Study etc., interns",2026M02,7
China,"Study etc., other reasons",2026M02,2
Lebanon,"Study etc., interns",2026M02,1
Malaysia,"Study etc., education",2026M02,1
Nepal,"Study etc., education",2026M02,5
Nepal,"Study etc., au pair",2026M02,2
Nepal,"Study etc., interns",2026M02,8
Nepal,"Study etc., other reasons",2026M02,9
Vietnam,"Study etc., education",2026M02,1
Vietnam,"Study etc., interns",2026M02,63
Pakistan,"Study etc., education",2026M02,4
Pakistan,"Study etc., other reasons",2026M02,18
Philippines,"Study etc., education",2026M02,1
Philippines,"Study etc., au pair",2026M02,36
Philippines,"Study etc., interns",2026M02,22
Singapore,"Study etc., education",2026M02,3
South Korea,"Study etc., education",2026M02,30
South Korea,"Study etc., interns",2026M02,1
South Korea,"Study etc., other reasons",2026M02,8
Thailand,"Study etc., education",2026M02,1
Thailand,"Study etc., au pair",2026M02,1
Thailand,"Study etc., interns",2026M02,1
Australia,"Study etc., education",2026M02,20
Australia,"Study etc., interns",2026M02,2
Australia,"Study etc., other reasons",2026M02,25
New Zealand,"Study etc., education",2026M02,5
New Zealand,"Study etc., interns",2026M02,2
New Zealand,"Study etc., other reasons",2026M02,2
Russia,"Study etc., education",2026M02,1
Russia,"Study etc., interns",2026M02,1
Ukraine,"Study etc., education",2026M02,5
Ukraine,"Study etc., interns",2026M02,3
Ukraine,"Study etc., other reasons",2026M02,2
Armenia,"Study etc., other reasons",2026M02,3
Uzbekistan,"Study etc., education",2026M02,1
Uzbekistan,"Study etc., interns",2026M02,8
Kazakhstan,"Study etc., education",2026M02,2
Kyrgyzstan,"Study etc., education",2026M02,1
Kyrgyzstan,"Study etc., interns",2026M02,3
Slovenia,"Study etc., other reasons",2026M02,1
Bosnia and Herzegovina,"Study etc., education",2026M02,1
France,"Study etc., other reasons",2026M05,1
United Kingdom,"Study etc., education",2026M05,13
United Kingdom,"Study etc., interns",2026M05,2
Turkey,"Study etc., education",2026M05,6
Turkey,"Study etc., interns",2026M05,9
Turkey,"Study etc., other reasons",2026M05,5
Algeria,"Study etc., interns",2026M05,2
Algeria,"Study etc., other reasons",2026M05,2
Ethiopia,"Study etc., other reasons",2026M05,2
Kenya,"Study etc., education",2026M05,1
Kenya,"Study etc., au pair",2026M05,2
Nigeria,"Study etc., education",2026M05,1
South Africa,"Study etc., interns",2026M05,5
Tunisia,"Study etc., education",2026M05,1
Uganda,"Study etc., education",2026M05,1
Uganda,"Study etc., au pair",2026M05,1
Uganda,"Study etc., other reasons",2026M05,1
Egypt,"Study etc., education",2026M05,1
Egypt,"Study etc., interns",2026M05,2
Egypt,"Study etc., other reasons",2026M05,1
Ivory Coast,"Study etc., interns",2026M05,1
Argentina,"Study etc., other reasons",2026M05,31
Brazil,"Study etc., education",2026M05,5
Brazil,"Study etc., au pair",2026M05,2
Brazil,"Study etc., interns",2026M05,5
Canada,"Study etc., education",2026M05,11
Canada,"Study etc., interns",2026M05,2
Canada,"Study etc., other reasons",2026M05,2
Chile,"Study etc., education",2026M05,1
Chile,"Study etc., other reasons",2026M05,8
Colombia,"Study etc., education",2026M05,3
Ecuador,"Study etc., education",2026M05,1
Ecuador,"Study etc., au pair",2026M05,1
Guatemala,"Study etc., education",2026M05,1
Mexico,"Study etc., education",2026M05,7
Mexico,"Study etc., interns",2026M05,2
Peru,"Study etc., education",2026M05,1
USA,"Study etc., education",2026M05,20
USA,"Study etc., interns",2026M05,27
USA,"Study etc., other reasons",2026M05,11
Bangladesh,"Study etc., education",2026M05,2
Bangladesh,"Study etc., other reasons",2026M05,11
Myanmar,"Study etc., education",2026M05,1
Cambodia,"Study etc., interns",2026M05,3
Sri Lanka,"Study etc., interns",2026M05,3
Sri Lanka,"Study etc., other reasons",2026M05,1
India,"Study etc., education",2026M05,19
India,"Study etc., interns",2026M05,17
India,"Study etc., other reasons",2026M05,8
Indonesia,"Study etc., education",2026M05,11
Indonesia,"Study etc., au pair",2026M05,1
Indonesia,"Study etc., interns",2026M05,1
Iraq,"Study etc., other reasons",2026M05,1
Iran,"Study etc., education",2026M05,10
Iran,"Study etc., interns",2026M05,1
Iran,"Study etc., other reasons",2026M05,12
Israel,"Study etc., education",2026M05,2
Japan,"Study etc., education",2026M05,37
Japan,"Study etc., interns",2026M05,1
Japan,"Study etc., other reasons",2026M05,11
Jordan,"Study etc., education",2026M05,1
China,"Study etc., education",2026M05,63
China,"Study etc., interns",2026M05,5
China,"Study etc., other reasons",2026M05,3
Lebanon,"Study etc., interns",2026M05,1
Nepal,"Study etc., education",2026M05,4
Nepal,"Study etc., au pair",2026M05,1
Nepal,"Study etc., interns",2026M05,4
Nepal,"Study etc., other reasons",2026M05,4
Vietnam,"Study etc., education",2026M05,8
Vietnam,"Study etc., interns",2026M05,7
Vietnam,"Study etc., other reasons",2026M05,1
Pakistan,"Study etc., education",2026M05,2
Pakistan,"Study etc., other reasons",2026M05,8
Philippines,"Study etc., au pair",2026M05,24
Philippines,"Study etc., interns",2026M05,12
Singapore,"Study etc., education",2026M05,32
South Korea,"Study etc., education",2026M05,5
South Korea,"Study etc., other reasons",2026M05,5
Syria,"Study etc., education",2026M05,1
Thailand,"Study etc., education",2026M05,2
Thailand,"Study etc., au pair",2026M05,1
Thailand,"Study etc., interns",2026M05,3
Australia,"Study etc., education",2026M05,35
Australia,"Study etc., other reasons",2026M05,14
New Zealand,"Study etc., education",2026M05,3
Russia,"Study etc., education",2026M05,1
Russia,"Study etc., other reasons",2026M05,1
Ukraine,"Study etc., education",2026M05,1
Ukraine,"Study etc., interns",2026M05,2
Ukraine,"Study etc., other reasons",2026M05,4
Belarus,"Study etc., interns",2026M05,1
Uzbekistan,"Study etc., interns",2026M05,6
Kazakhstan,"Study etc., education",2026M05,1
Kyrgyzstan,"Study etc., interns",2026M05,2
Georgia,"Study etc., interns",2026M05,1
Georgia,"Study etc., other reasons",2026M05,1
Republic of North Macedonia,"Study etc., other reasons",2026M05,1
New Zealand,"Study etc., other reasons",2026M04,2
Russia,"Study etc., education",2026M04,1
Russia,"Study etc., au pair",2026M04,1
Ukraine,"Study etc., other reasons",2026M04,2
Belarus,"Study etc., education",2026M04,1
Uzbekistan,"Study etc., interns",2026M04,16
Kyrgyzstan,"Study etc., interns",2026M04,7
Slovenia,"Study etc., other reasons",2026M04,1
Republic of North Macedonia,"Study etc., interns",2026M04,1
Ethiopia,"Study etc., education",2024M02,1
Ghana,"Study etc., education",2024M02,3
Ghana,"Study etc., interns",2024M02,1
Kenya,"Study etc., education",2024M02,1
Kenya,"Study etc., interns",2024M02,2
Kenya,"Study etc., other reasons",2024M02,1
Morocco,"Study etc., other reasons",2024M02,1
Nigeria,"Study etc., education",2024M02,1
Nigeria,"Study etc., other reasons",2024M02,1
South Africa,"Study etc., interns",2024M02,3
Tanzania,"Study etc., education",2024M02,1
Tanzania,"Study etc., interns",2024M02,8
Uganda,"Study etc., interns",2024M02,45
Egypt,"Study etc., education",2024M02,1
Egypt,"Study etc., other reasons",2024M02,1
Cameroon,"Study etc., education",2024M02,1
Cameroon,"Study etc., other reasons",2024M02,1
Rwanda,"Study etc., education",2024M02,1
Zimbabwe,"Study etc., au pair",2024M02,3
Argentina,"Study etc., education",2024M02,5
Argentina,"Study etc., other reasons",2024M02,4
Bolivia,"Study etc., education",2024M02,2
Brazil,"Study etc., education",2024M02,7
Brazil,"Study etc., au pair",2024M02,2
Brazil,"Study etc., interns",2024M02,2
Brazil,"Study etc., other reasons",2024M02,1
Canada,"Study etc., education",2024M02,10
Canada,"Study etc., interns",2024M02,2
Canada,"Study etc., other reasons",2024M02,4
Chile,"Study etc., education",2024M02,1
Chile,"Study etc., other reasons",2024M02,3
Colombia,"Study etc., education",2024M02,2
Colombia,"Study etc., other reasons",2024M02,1
Costa Rica,"Study etc., education",2024M02,2
Honduras,"Study etc., education",2024M02,1
Mexico,"Study etc., education",2024M02,5
Mexico,"Study etc., interns",2024M02,1
Paraguay,"Study etc., education",2024M02,1
Peru,"Study etc., education",2024M02,2
Uruguay,"Study etc., education",2024M02,1
USA,"Study etc., education",2024M02,409
USA,"Study etc., au pair",2024M02,1
USA,"Study etc., interns",2024M02,2
USA,"Study etc., other reasons",2024M02,14
Afghanistan,"Study etc., other reasons",2024M02,6
Bangladesh,"Study etc., education",2024M02,73
Bangladesh,"Study etc., interns",2024M02,8
Bangladesh,"Study etc., other reasons",2024M02,132
Cambodia,"Study etc., education",2024M02,1
Sri Lanka,"Study etc., other reasons",2024M02,37
India,"Study etc., education",2024M02,12
India,"Study etc., interns",2024M02,21
India,"Study etc., other reasons",2024M02,12
Indonesia,"Study etc., education",2024M02,1
Indonesia,"Study etc., other reasons",2024M02,1
Iraq,"Study etc., other reasons",2024M02,1
Iran,"Study etc., education",2024M02,15
Iran,"Study etc., other reasons",2024M02,186
Israel,"Study etc., education",2024M02,1
Japan,"Study etc., education",2024M02,19
Japan,"Study etc., interns",2024M02,1
Japan,"Study etc., other reasons",2024M02,3
Jordan,"Study etc., education",2024M02,1
China,"Study etc., education",2024M02,26
China,"Study etc., interns",2024M02,4
China,"Study etc., other reasons",2024M02,2
Malaysia,"Study etc., education",2024M02,1
Nepal,"Study etc., education",2024M02,16
Nepal,"Study etc., au pair",2024M02,1
Nepal,"Study etc., interns",2024M02,5
Nepal,"Study etc., other reasons",2024M02,108
Vietnam,"Study etc., education",2024M02,1
Vietnam,"Study etc., interns",2024M02,46
Pakistan,"Study etc., education",2024M02,4
Pakistan,"Study etc., other reasons",2024M02,39
Philippines,"Study etc., education",2024M02,1
Philippines,"Study etc., au pair",2024M02,54
Philippines,"Study etc., interns",2024M02,4
Philippines,"Study etc., other reasons",2024M02,2
South Korea,"Study etc., education",2024M02,26
South Korea,"Study etc., other reasons",2024M02,1
Thailand,"Study etc., education",2024M02,3
Thailand,"Study etc., au pair",2024M02,3
Thailand,"Study etc., interns",2024M02,1
Thailand,"Study etc., other reasons",2024M02,1
Australia,"Study etc., education",2024M02,14
Australia,"Study etc., other reasons",2024M02,7
New Zealand,"Study etc., education",2024M02,3
New Zealand,"Study etc., other reasons",2024M02,1
Russia,"Study etc., education",2024M02,1
Russia,"Study etc., interns",2024M02,1
Ukraine,"Study etc., education",2024M02,3
Belarus,"Study etc., other reasons",2024M02,1
Azerbaijan,"Study etc., interns",2024M02,1
Uzbekistan,"Study etc., interns",2024M02,6
Kazakhstan,"Study etc., other reasons",2024M02,3
Bosnia and Herzegovina,"Study etc., interns",2024M02,1
Albania,"Study etc., education",2024M04,1
Netherlands,"Study etc., other reasons",2024M04,1
Spain,"Study etc., other reasons",2024M04,2
United Kingdom,"Study etc., education",2024M04,5
United Kingdom,"Study etc., interns",2024M04,3
Turkey,"Study etc., education",2024M04,8
Turkey,"Study etc., other reasons",2024M04,6
Algeria,"Study etc., education",2024M04,1
Ghana,"Study etc., interns",2024M04,6
Ghana,"Study etc., other reasons",2024M04,3
Kenya,"Study etc., au pair",2024M04,3
Kenya,"Study etc., interns",2024M04,9
Kenya,"Study etc., other reasons",2024M04,1
Morocco,"Study etc., education",2024M04,1
Morocco,"Study etc., other reasons",2024M04,1
Nigeria,"Study etc., education",2024M04,1
Nigeria,"Study etc., interns",2024M04,2
Nigeria,"Study etc., other reasons",2024M04,7
South Africa,"Study etc., au pair",2024M04,2
South Africa,"Study etc., interns",2024M04,3
Tanzania,"Study etc., education",2024M04,1
Tanzania,"Study etc., interns",2024M04,8
Uganda,"Study etc., education",2024M04,1
Uganda,"Study etc., interns",2024M04,66
Cameroon,"Study etc., au pair",2024M04,1
Cameroon,"Study etc., other reasons",2024M04,1
Rwanda,"Study etc., interns",2024M04,1
Zimbabwe,"Study etc., interns",2024M04,1
Malawi,"Study etc., education",2024M04,1
Argentina,"Study etc., other reasons",2024M04,56
Brazil,"Study etc., education",2024M04,6
Brazil,"Study etc., interns",2024M04,7
Brazil,"Study etc., other reasons",2024M04,2
Canada,"Study etc., education",2024M04,4
Canada,"Study etc., interns",2024M04,3
Canada,"Study etc., other reasons",2024M04,7
Chile,"Study etc., education",2024M04,1
Chile,"Study etc., other reasons",2024M04,59
Colombia,"Study etc., education",2024M04,3
Colombia,"Study etc., au pair",2024M04,1
Colombia,"Study etc., interns",2024M04,1
Mexico,"Study etc., education",2024M04,8
Mexico,"Study etc., interns",2024M04,1
Mexico,"Study etc., other reasons",2024M04,1
Panama,"Study etc., education",2024M04,1
Panama,"Study etc., interns",2024M04,1
USA,"Study etc., education",2024M04,28
USA,"Study etc., interns",2024M04,5
USA,"Study etc., other reasons",2024M04,8
Yemen,"Study etc., education",2024M04,1
Afghanistan,"Study etc., education",2024M04,1
Afghanistan,"Study etc., other reasons",2024M04,3
Bangladesh,"Study etc., education",2024M04,11
Bangladesh,"Study etc., interns",2024M04,6
Bangladesh,"Study etc., other reasons",2024M04,30
Sri Lanka,"Study etc., education",2024M04,1
Sri Lanka,"Study etc., other reasons",2024M04,63
Taiwan,"Study etc., education",2024M04,1
India,"Study etc., education",2024M04,14
India,"Study etc., interns",2024M04,11
India,"Study etc., other reasons",2024M04,5
Iraq,"Study etc., other reasons",2024M04,2
Iran,"Study etc., education",2024M04,4
Iran,"Study etc., interns",2024M04,1
Iran,"Study etc., other reasons",2024M04,215
Israel,"Study etc., education",2024M04,3
Israel,"Study etc., other reasons",2024M04,4
Japan,"Study etc., education",2024M04,20
Japan,"Study etc., other reasons",2024M04,22
Jordan,"Study etc., other reasons",2024M04,1
China,"Study etc., education",2024M04,34
China,"Study etc., interns",2024M04,5
China,"Study etc., other reasons",2024M04,5
Lebanon,"Study etc., education",2024M04,1
Nepal,"Study etc., education",2024M04,5
Nepal,"Study etc., au pair",2024M04,3
Nepal,"Study etc., interns",2024M04,28
Nepal,"Study etc., other reasons",2024M04,48
Vietnam,"Study etc., education",2024M04,5
Vietnam,"Study etc., interns",2024M04,61
Pakistan,"Study etc., education",2024M04,5
Pakistan,"Study etc., other reasons",2024M04,82
Philippines,"Study etc., au pair",2024M04,41
Philippines,"Study etc., interns",2024M04,6
Singapore,"Study etc., education",2024M04,1
South Korea,"Study etc., education",2024M04,4
South Korea,"Study etc., other reasons",2024M04,7
Thailand,"Study etc., education",2024M04,2
Thailand,"Study etc., au pair",2024M04,3
Thailand,"Study etc., interns",2024M04,1
Australia,"Study etc., education",2024M04,9
Australia,"Study etc., interns",2024M04,1
Australia,"Study etc., other reasons",2024M04,33
New Zealand,"Study etc., education",2024M04,2
New Zealand,"Study etc., other reasons",2024M04,2
Russia,"Study etc., other reasons",2024M04,1
Ukraine,"Study etc., interns",2024M04,1
Ukraine,"Study etc., other reasons",2024M04,1
Armenia,"Study etc., other reasons",2024M04,4
Uzbekistan,"Study etc., interns",2024M04,11
Kyrgyzstan,"Study etc., interns",2024M04,2
Serbia,"Study etc., interns",2024M04,1
